"Edad","Fuerza","Velocidad","Lesiones","Vision","Resistencia","Agilidad","CapacidadDecision","prediction(DeportePrimario)"
18.5,5,1,1,0,5,33,61,"Basketball"
13.3,1,2,1,3,5,18,59,"Rugby"
13.4,2,1,0,2,5,40,11,"Futbol"
13.6,4,1,0,0,5,28,0,"Voleibol"
16.3,3,1,0,2,5,32,35,"Basketball"
15.7,1,1,0,2,3,43,37,"Futbol"
17.0,3,2,0,3,5,21,41,"Rugby"
16.3,3,1,0,1,1,41,29,"Futbol"
15.7,1,2,1,3,5,17,45,"Rugby"
16.5,3,2,0,1,3,46,40,"Futbol"
18.9,5,1,1,2,5,41,6,"Futbol"
14.6,5,2,1,0,3,35,48,"Futbol"
17.3,2,2,1,2,1,28,32,"Rugby"
14.9,6,1,1,3,3,42,39,"Futbol"
15.8,4,1,1,1,1,49,4,"Futbol"
14.2,5,1,1,0,5,24,55,"Basketball"
14.5,4,2,1,0,5,21,45,"Voleibol"
13.3,5,1,1,3,3,42,29,"Futbol"
13.7,4,2,1,0,3,27,7,"Voleibol"
17.3,0,0,0,3,5,15,43,"Rugby"
15.0,5,1,0,2,5,31,4,"Futbol"
17.1,2,5,1,2,1,42,6,"Futbol"
13.5,3,1,1,3,5,21,29,"Rugby"
16.8,5,3,1,0,5,38,75,"Basketball"
16.3,3,6,1,3,5,22,68,"Rugby"
15.6,3,2,1,2,5,42,29,"Futbol"
18.8,1,2,1,3,5,16,40,"Rugby"
16.2,3,6,1,1,3,36,29,"Futbol"
13.6,3,1,0,3,5,21,8,"Rugby"
13.5,1,2,1,3,5,18,50,"Rugby"
17.4,4,0,1,1,3,31,95,"Basketball"
16.7,3,1,1,3,5,18,55,"Rugby"
16.3,4,1,1,2,5,23,13,"Futbol"
18.7,3,1,1,3,3,23,39,"Rugby"
16.3,3,6,1,3,5,19,47,"Rugby"
18.4,2,1,1,3,5,46,8,"Futbol"
13.6,4,1,1,1,3,38,11,"Futbol"
17.5,2,3,1,2,3,42,11,"Futbol"
16.1,1,1,0,3,5,18,43,"Rugby"
18.8,3,1,1,0,1,36,8,"Futbol"
17.2,7,1,1,0,1,27,48,"Futbol"
18.8,1,2,1,3,5,19,30,"Rugby"
14.1,3,1,1,3,5,20,6,"Rugby"
14.2,4,2,1,1,4,44,4,"Futbol"
13.4,3,2,1,0,3,31,5,"Voleibol"
14.0,5,0,1,1,5,38,4,"Voleibol"
14.5,4,5,1,2,3,28,32,"Futbol"
14.3,3,2,1,1,3,42,40,"Futbol"
18.6,4,1,1,3,5,29,19,"Rugby"
14.7,3,2,0,2,5,20,54,"Basketball"
17.9,5,1,0,2,5,29,32,"Rugby"
15.5,1,0,0,3,0,15,18,"Rugby"
16.1,3,1,1,1,3,58,7,"Futbol"
18.1,3,1,0,3,5,18,19,"Rugby"
13.2,3,2,1,0,3,32,15,"Voleibol"
15.7,5,1,1,3,5,25,11,"Futbol"
16.7,5,4,1,0,3,30,30,"Futbol"
13.8,1,6,1,2,5,25,4,"Futbol"
13.9,3,0,1,0,3,54,45,"Futbol"
18.3,4,2,1,3,5,25,19,"Rugby"
14.2,4,5,1,3,5,20,66,"Basketball"
14.0,3,2,0,3,3,27,4,"Futbol"
13.9,4,4,0,3,5,24,4,"Futbol"
18.1,7,1,0,0,3,31,5,"Futbol"
18.1,3,1,1,2,1,55,70,"Futbol"
16.4,4,2,0,0,5,32,40,"Basketball"
13.4,3,1,1,2,3,49,15,"Futbol"
16.4,4,1,0,3,3,24,23,"Rugby"
15.7,4,6,0,2,1,59,22,"Futbol"
17.3,1,5,0,3,5,16,28,"Rugby"
16.9,5,1,0,3,1,56,13,"Futbol"
14.7,5,1,1,2,1,60,10,"Futbol"
18.5,5,1,0,1,3,51,20,"Futbol"
14.6,5,1,0,3,3,68,20,"Futbol"
14.9,1,1,1,2,3,50,50,"Futbol"
16.8,1,1,0,0,4,36,63,"Basketball"
18.4,4,5,1,0,5,27,50,"Basketball"
18.6,7,2,0,0,5,33,99,"Basketball"
15.1,3,1,0,3,5,21,45,"Rugby"
14.1,1,2,1,1,3,41,28,"Futbol"
14.6,0,1,1,3,5,18,30,"Rugby"
18.7,4,2,1,0,5,31,4,"Voleibol"
18.0,4,2,1,1,5,31,7,"Voleibol"
16.4,1,1,1,0,1,38,16,"Futbol"
16.0,4,1,0,0,3,23,45,"Basketball"
16.4,1,1,0,3,5,18,32,"Rugby"
15.8,2,4,1,2,5,36,35,"Futbol"
18.2,0,2,1,0,5,34,55,"Basketball"
16.0,5,1,1,0,3,38,5,"Voleibol"
13.3,5,2,0,2,5,45,19,"Futbol"
17.8,5,2,1,0,3,31,8,"Voleibol"
15.8,5,1,1,0,5,36,40,"Voleibol"
16.5,3,1,1,3,3,51,43,"Futbol"
13.4,4,2,1,2,3,50,7,"Futbol"
13.2,5,3,1,0,3,41,8,"Futbol"
16.1,3,1,0,3,5,17,7,"Rugby"
15.2,3,2,0,3,5,21,14,"Rugby"
18.9,3,1,1,3,5,20,8,"Rugby"
16.2,7,1,0,2,1,47,17,"Futbol"
18.4,3,2,0,3,5,21,43,"Rugby"
18.9,3,2,0,3,5,17,35,"Rugby"
13.5,5,3,1,2,3,33,4,"Futbol"
17.1,3,1,0,3,5,20,29,"Rugby"
17.4,4,1,0,2,3,39,29,"Futbol"
18.3,2,1,1,2,3,41,0,"Futbol"
16.0,5,1,1,2,3,44,8,"Futbol"
16.4,1,1,0,3,5,19,12,"Rugby"
13.0,3,1,1,3,5,24,8,"Futbol"
15.9,4,1,1,3,5,24,64,"Rugby"
14.4,5,1,1,3,3,38,100,"Basketball"
16.3,5,5,1,0,5,26,37,"Voleibol"
16.0,5,2,0,3,3,49,48,"Futbol"
17.6,6,1,1,3,3,43,20,"Futbol"
15.2,3,1,1,0,3,45,29,"Futbol"
16.4,7,2,1,2,3,32,99,"Basketball"
15.8,4,1,1,0,3,36,43,"Futbol"
18.6,3,2,0,3,5,19,4,"Rugby"
17.6,4,1,0,1,5,27,4,"Voleibol"
15.7,4,1,0,0,3,48,48,"Futbol"
13.8,4,1,1,0,3,48,47,"Futbol"
14.9,4,1,1,2,3,45,8,"Futbol"
17.0,4,5,1,0,3,31,20,"Futbol"
14.1,2,1,1,2,3,37,34,"Futbol"
17.6,4,1,0,2,1,55,20,"Futbol"
16.9,3,1,1,2,3,51,1,"Futbol"
18.8,4,6,0,1,1,42,54,"Futbol"
13.5,5,4,0,0,5,30,4,"Voleibol"
15.9,5,1,0,0,3,51,55,"Futbol"
14.9,4,2,0,2,1,42,3,"Futbol"
14.1,3,4,1,3,5,23,4,"Futbol"
15.7,3,1,0,3,5,23,54,"Rugby"
15.6,0,2,0,3,5,15,29,"Rugby"
15.0,5,1,0,3,1,45,34,"Futbol"
18.1,5,3,1,2,3,35,19,"Futbol"
14.5,3,6,0,3,5,22,11,"Rugby"
13.6,1,1,0,3,3,36,8,"Futbol"
17.1,5,1,1,2,3,49,27,"Futbol"
14.8,3,5,0,3,5,18,54,"Rugby"
15.2,4,3,1,0,3,24,48,"Futbol"
14.6,1,4,1,0,5,19,42,"Basketball"
17.9,3,1,1,0,5,30,55,"Basketball"
15.1,1,2,1,3,5,21,80,"Rugby"
14.8,4,1,0,2,5,26,19,"Futbol"
16.7,3,1,1,2,4,27,40,"Rugby"
18.2,5,4,1,3,5,31,72,"Basketball"
16.8,6,2,1,0,3,31,4,"Futbol"
13.9,3,1,0,3,0,19,35,"Rugby"
15.8,1,1,1,1,3,34,39,"Futbol"
14.9,5,2,1,1,1,57,8,"Futbol"
13.5,4,1,1,0,5,29,29,"Voleibol"
13.1,5,1,0,2,3,50,6,"Futbol"
16.6,5,1,1,1,3,37,43,"Futbol"
13.5,3,5,0,3,5,26,92,"Basketball"
14.0,1,1,0,3,5,17,7,"Rugby"
15.2,7,5,1,1,3,50,43,"Futbol"
18.8,0,1,0,3,5,14,29,"Rugby"
13.6,3,1,0,3,5,20,13,"Rugby"
15.2,3,6,0,0,5,27,15,"Voleibol"
17.9,6,2,1,2,3,72,20,"Futbol"
16.7,3,3,1,3,5,20,20,"Rugby"
16.9,4,2,1,0,5,22,29,"Voleibol"
13.6,4,4,1,1,3,29,32,"Futbol"
15.0,1,2,1,3,5,26,58,"Rugby"
13.8,7,1,1,0,1,27,39,"Futbol"
15.8,3,2,1,3,1,37,4,"Futbol"
19.0,0,3,1,3,5,16,18,"Rugby"
17.0,4,4,1,0,5,24,52,"Basketball"
13.4,4,1,1,0,5,35,55,"Voleibol"
15.8,4,6,1,0,3,44,8,"Futbol"
18.6,1,2,1,3,5,17,54,"Rugby"
16.1,5,2,0,0,3,55,43,"Futbol"
18.5,3,1,1,3,5,36,55,"Rugby"
16.3,4,1,1,0,3,38,6,"Voleibol"
18.9,3,1,0,0,3,47,20,"Voleibol"
15.9,4,1,0,0,3,47,21,"Futbol"
15.5,4,2,0,2,3,34,29,"Futbol"
14.4,3,1,1,3,5,20,66,"Rugby"
15.7,4,1,1,0,3,36,40,"Futbol"
17.4,4,2,1,0,5,25,4,"Voleibol"
19.0,3,2,1,0,3,29,55,"Futbol"
16.4,3,1,1,0,3,43,103,"Basketball"
16.0,4,2,1,2,3,33,55,"Futbol"
15.4,6,1,1,2,5,28,28,"Futbol"
16.8,4,1,0,0,3,25,54,"Basketball"
15.2,7,1,1,1,1,40,30,"Futbol"
16.8,4,4,1,0,5,24,4,"Voleibol"
13.9,5,1,1,1,1,37,86,"Futbol"
16.7,7,1,1,2,5,42,32,"Futbol"
15.1,5,1,1,3,4,55,40,"Futbol"
18.0,3,1,0,3,3,51,30,"Futbol"
18.8,3,2,1,0,1,53,35,"Futbol"
18.1,3,1,1,0,3,56,19,"Voleibol"
16.5,3,2,1,3,5,22,4,"Rugby"
15.8,3,1,1,3,5,24,68,"Rugby"
15.7,4,1,1,1,1,52,18,"Futbol"
13.7,4,1,1,1,1,60,47,"Futbol"
16.7,3,1,1,3,5,21,20,"Rugby"
14.9,4,1,0,0,3,43,12,"Futbol"
18.5,4,2,1,1,5,23,40,"Basketball"
16.8,1,0,1,0,5,26,5,"Voleibol"
13.1,5,1,1,2,3,47,21,"Futbol"
15.6,5,1,1,0,3,33,45,"Futbol"
14.5,5,1,1,0,3,61,4,"Futbol"
16.0,4,0,1,1,1,48,4,"Futbol"
18.9,4,1,1,1,1,50,21,"Futbol"
16.9,4,6,1,0,5,48,4,"Voleibol"
14.6,3,2,0,0,3,30,50,"Futbol"
15.5,1,3,1,3,5,17,4,"Rugby"
16.2,3,1,0,3,5,22,64,"Rugby"
13.7,4,1,0,1,5,47,29,"Futbol"
15.0,2,1,1,2,3,45,20,"Futbol"
16.4,3,1,1,1,3,28,11,"Futbol"
18.3,1,1,0,3,5,18,12,"Rugby"
16.0,4,1,1,1,3,73,43,"Futbol"
18.5,5,2,1,0,3,37,30,"Futbol"
17.9,7,3,1,0,4,44,63,"Futbol"
16.4,5,1,1,1,1,43,2,"Futbol"
15.4,5,5,1,1,3,42,5,"Futbol"
16.5,4,2,1,0,5,29,54,"Basketball"
14.3,3,1,1,1,3,72,40,"Futbol"
17.5,4,1,1,3,5,35,11,"Futbol"
18.3,4,2,1,2,3,63,8,"Futbol"
15.1,1,1,1,2,3,45,2,"Futbol"
15.2,3,1,0,3,5,21,19,"Rugby"
15.2,3,2,1,3,5,21,29,"Rugby"
17.5,2,1,0,3,3,34,10,"Rugby"
16.5,3,2,1,0,3,43,103,"Basketball"
15.0,5,0,1,0,3,32,29,"Futbol"
17.7,3,1,1,2,3,59,11,"Futbol"
13.4,0,1,1,3,0,14,17,"Rugby"
16.7,1,1,1,2,3,51,77,"Futbol"
13.6,4,1,1,2,5,21,55,"Basketball"
14.3,2,1,1,2,3,42,37,"Futbol"
13.7,3,1,0,2,4,42,4,"Futbol"
14.9,4,1,1,2,3,40,55,"Futbol"
14.3,3,5,0,2,3,59,7,"Futbol"
13.5,1,3,1,3,5,20,54,"Rugby"
14.9,5,6,1,1,0,48,4,"Futbol"
16.3,4,1,1,2,5,29,7,"Futbol"
16.9,4,1,1,2,3,26,34,"Futbol"
16.9,4,6,0,1,5,23,8,"Futbol"
17.6,7,6,1,2,3,44,27,"Futbol"
13.4,3,4,1,3,5,22,45,"Rugby"
18.1,3,1,0,0,3,38,14,"Voleibol"
18.6,5,1,1,0,3,56,35,"Futbol"
14.4,5,2,1,0,3,33,64,"Futbol"
17.2,1,2,1,0,5,17,29,"Voleibol"
13.4,0,2,1,3,5,17,32,"Rugby"
15.7,3,2,1,0,5,50,2,"Voleibol"
13.7,1,1,0,3,5,21,34,"Rugby"
17.1,7,1,1,2,3,51,35,"Futbol"
17.3,3,1,0,1,5,22,20,"Rugby"
14.1,6,1,1,3,1,50,30,"Futbol"
18.1,4,1,0,1,3,55,7,"Futbol"
17.7,1,6,1,3,5,19,55,"Rugby"
14.3,5,1,1,3,3,32,18,"Futbol"
15.6,1,6,1,1,3,54,7,"Futbol"
14.7,4,1,0,2,3,41,48,"Futbol"
15.4,3,1,0,3,5,23,48,"Rugby"
18.1,0,1,1,3,5,14,29,"Rugby"
18.0,4,1,0,2,5,52,4,"Futbol"
18.3,5,2,0,2,3,30,35,"Rugby"
15.3,4,1,1,2,5,25,103,"Basketball"
18.2,4,2,1,0,3,29,17,"Voleibol"
18.6,5,4,1,0,3,32,35,"Futbol"
15.3,5,1,1,0,3,27,11,"Voleibol"
14.6,3,1,1,3,5,25,64,"Rugby"
15.1,4,6,1,2,3,45,4,"Futbol"
13.5,0,6,0,3,5,14,17,"Rugby"
15.7,1,1,0,3,5,17,4,"Rugby"
15.7,3,4,1,3,5,19,8,"Rugby"
18.1,4,1,1,3,3,24,54,"Rugby"
16.1,4,1,1,1,5,28,9,"Voleibol"
16.0,4,1,1,2,3,51,28,"Futbol"
18.7,5,1,0,3,3,77,4,"Futbol"
14.1,1,2,1,3,5,18,36,"Rugby"
16.1,4,4,1,0,5,25,4,"Voleibol"
18.8,3,1,0,3,5,21,13,"Rugby"
15.3,2,5,0,2,5,35,20,"Futbol"
13.1,3,3,1,2,3,29,7,"Futbol"
14.9,5,1,0,2,5,29,47,"Basketball"
14.7,3,1,0,3,5,20,8,"Rugby"
14.8,0,1,0,3,5,16,0,"Rugby"
17.6,5,1,1,1,3,33,94,"Basketball"
13.4,4,2,1,3,5,23,30,"Futbol"
14.7,5,1,0,0,3,40,30,"Futbol"
18.8,7,1,1,2,3,39,7,"Futbol"
13.2,2,1,1,3,5,43,10,"Futbol"
15.0,3,1,1,0,4,39,50,"Voleibol"
16.2,4,1,0,3,5,26,8,"Rugby"
17.6,4,2,0,0,5,22,54,"Basketball"
16.5,1,6,0,3,3,19,3,"Rugby"
18.8,3,1,1,0,3,27,46,"Futbol"
14.0,4,1,1,1,3,62,40,"Futbol"
17.6,4,1,1,0,3,50,18,"Futbol"
13.4,4,6,1,2,1,49,4,"Futbol"
15.2,3,2,0,3,5,18,11,"Rugby"
15.9,1,1,1,1,3,25,39,"Rugby"
14.0,4,1,0,2,5,26,45,"Basketball"
17.2,3,2,0,0,3,34,19,"Voleibol"
13.4,5,2,0,2,5,29,29,"Futbol"
17.5,1,1,1,0,3,27,7,"Voleibol"
14.6,5,2,1,3,3,33,43,"Futbol"
14.8,4,1,1,2,3,45,4,"Futbol"
14.8,3,4,1,1,1,33,4,"Futbol"
17.4,1,2,1,3,5,20,11,"Rugby"
13.2,3,1,1,2,3,50,39,"Futbol"
14.0,4,6,1,1,1,47,8,"Futbol"
14.9,4,6,1,2,3,30,48,"Futbol"
17.4,1,1,1,2,3,30,17,"Rugby"
16.7,1,1,0,2,3,51,30,"Futbol"
14.1,3,2,1,1,3,42,4,"Futbol"
13.1,3,2,0,3,5,20,20,"Rugby"
16.8,4,6,1,1,3,47,30,"Futbol"
16.4,5,4,1,1,3,34,100,"Basketball"
15.5,3,2,1,0,3,23,41,"Futbol"
13.0,7,1,1,2,3,50,7,"Futbol"
15.0,3,2,1,3,5,20,50,"Rugby"
16.9,4,1,1,2,1,40,21,"Futbol"
16.6,3,2,1,3,5,19,54,"Rugby"
14.5,3,1,0,2,3,38,18,"Futbol"
18.7,0,2,1,0,5,48,17,"Voleibol"
18.8,3,1,0,3,5,22,12,"Rugby"
18.7,3,1,1,0,3,32,1,"Voleibol"
18.3,4,1,1,1,3,26,54,"Rugby"
17.7,5,1,1,1,3,53,8,"Futbol"
14.5,3,5,1,3,5,20,61,"Rugby"
18.9,4,3,1,1,5,30,35,"Futbol"
13.4,3,2,0,3,5,18,20,"Rugby"
14.1,3,4,1,3,5,19,8,"Rugby"
13.2,4,1,1,0,3,50,17,"Futbol"
16.9,4,2,1,1,5,42,11,"Voleibol"
16.5,4,1,1,0,3,40,8,"Voleibol"
18.3,4,2,1,3,5,30,72,"Rugby"
14.7,5,1,1,2,5,28,29,"Futbol"
16.8,4,6,1,0,3,34,8,"Futbol"
14.8,5,1,1,2,3,63,43,"Futbol"
13.6,4,1,1,1,5,26,30,"Voleibol"
17.6,3,1,1,3,5,26,50,"Rugby"
18.5,1,1,1,3,5,18,8,"Rugby"
17.6,3,2,1,0,5,23,80,"Basketball"
13.9,4,0,1,2,3,42,50,"Futbol"
16.2,3,5,1,3,5,20,8,"Rugby"
15.5,4,2,1,0,3,31,40,"Futbol"
18.3,5,2,1,0,5,30,106,"Basketball"
13.5,4,1,0,0,1,52,50,"Futbol"
13.7,1,3,1,0,3,34,53,"Futbol"
17.8,4,0,0,2,5,23,19,"Rugby"
15.4,5,3,1,0,3,49,28,"Futbol"
15.9,3,1,1,2,3,53,37,"Futbol"
13.3,3,3,1,3,5,20,30,"Rugby"
16.6,5,1,0,2,3,34,4,"Futbol"
19.0,3,2,1,2,1,51,8,"Futbol"
14.7,3,2,1,0,3,30,7,"Voleibol"
17.1,5,1,1,2,3,54,27,"Futbol"
17.2,4,1,1,0,3,67,30,"Futbol"
16.1,6,1,0,0,0,34,4,"Futbol"
18.0,2,1,1,2,0,40,45,"Futbol"
19.0,4,1,0,3,3,27,25,"Rugby"
18.3,4,1,0,0,5,27,40,"Basketball"
13.2,3,0,1,3,5,20,3,"Rugby"
13.4,7,1,1,2,3,45,7,"Futbol"
13.0,7,1,1,3,5,25,4,"Futbol"
15.8,4,1,0,2,1,50,5,"Futbol"
13.8,3,1,0,0,3,32,93,"Basketball"
14.9,3,2,1,3,3,23,40,"Rugby"
18.6,5,2,1,2,5,24,11,"Futbol"
15.6,3,3,1,3,5,24,69,"Rugby"
13.7,4,1,1,3,3,36,7,"Futbol"
15.8,3,6,0,3,5,19,35,"Rugby"
18.4,3,0,1,0,5,22,45,"Basketball"
18.6,5,1,1,3,3,48,12,"Futbol"
13.7,3,1,1,3,5,25,109,"Basketball"
13.1,4,2,0,0,3,37,50,"Futbol"
17.0,3,2,0,3,5,18,20,"Rugby"
15.6,3,1,1,2,1,43,45,"Futbol"
14.4,4,2,1,3,5,24,72,"Basketball"
18.7,3,1,0,3,5,17,42,"Rugby"
18.8,3,2,1,3,5,21,32,"Rugby"
18.0,5,1,0,1,3,44,47,"Futbol"
15.3,4,2,1,2,3,35,43,"Futbol"
17.0,4,1,1,0,5,24,20,"Voleibol"
18.3,5,2,1,3,3,42,59,"Futbol"
14.9,7,1,1,1,3,37,30,"Futbol"
17.0,3,1,0,3,5,21,19,"Rugby"
17.3,3,1,0,0,3,30,48,"Basketball"
18.2,6,1,1,2,3,63,75,"Futbol"
16.2,4,5,1,0,5,23,20,"Voleibol"
14.7,3,1,1,1,3,51,7,"Futbol"
17.8,3,1,1,1,1,43,4,"Futbol"
17.7,4,6,0,0,3,28,8,"Futbol"
14.5,3,0,0,2,5,27,33,"Basketball"
14.5,3,6,1,3,5,21,55,"Rugby"
14.3,4,1,1,3,1,39,56,"Futbol"
14.0,4,1,1,3,3,38,13,"Futbol"
14.1,3,1,0,3,5,22,20,"Rugby"
15.9,3,2,1,3,5,20,34,"Rugby"
15.5,5,2,1,3,5,26,43,"Futbol"
16.7,6,1,1,0,0,43,12,"Futbol"
18.5,5,1,1,1,3,35,11,"Futbol"
15.1,1,1,0,0,1,40,29,"Futbol"
18.3,5,6,0,2,3,28,28,"Futbol"
17.3,4,1,0,0,3,35,2,"Voleibol"
17.9,4,3,0,2,3,37,11,"Futbol"
18.5,3,5,0,1,5,22,8,"Rugby"
18.4,3,2,1,0,3,37,13,"Voleibol"
14.5,3,1,0,0,4,39,7,"Voleibol"
17.8,1,3,0,3,0,14,14,"Rugby"
13.6,0,1,1,3,5,16,32,"Rugby"
14.3,4,1,1,0,4,46,4,"Voleibol"
18.0,4,2,0,1,3,34,4,"Futbol"
14.6,0,5,0,3,5,16,19,"Rugby"
18.9,4,3,0,2,5,30,28,"Rugby"
15.0,2,3,1,0,3,35,35,"Futbol"
16.1,4,0,1,0,3,52,6,"Voleibol"
15.1,3,2,0,3,5,18,35,"Rugby"
15.3,3,2,1,3,5,18,35,"Rugby"
15.3,4,2,1,3,5,20,43,"Rugby"
18.7,4,1,0,2,5,61,18,"Futbol"
19.0,0,2,1,3,5,20,54,"Rugby"
17.9,4,3,1,3,3,27,50,"Rugby"
15.4,5,1,1,2,3,30,50,"Futbol"
15.6,3,6,1,2,1,43,21,"Futbol"
18.0,4,1,1,0,3,46,18,"Voleibol"
16.5,6,2,1,3,3,44,21,"Futbol"
17.2,4,1,1,2,3,54,7,"Futbol"
17.1,4,1,1,2,3,34,57,"Futbol"
18.7,4,6,1,1,3,60,43,"Futbol"
17.8,3,2,1,0,5,22,8,"Voleibol"
14.9,1,4,1,3,5,14,28,"Rugby"
15.4,4,1,0,0,5,29,28,"Voleibol"
13.2,3,2,1,0,3,26,59,"Futbol"
16.8,3,6,1,1,3,35,5,"Futbol"
16.2,3,2,1,0,5,21,50,"Basketball"
13.6,4,2,1,3,0,22,72,"Rugby"
13.3,4,2,0,1,5,28,20,"Voleibol"
17.7,3,1,1,1,3,46,4,"Futbol"
16.7,5,1,1,0,3,43,43,"Futbol"
13.9,3,4,1,3,5,21,4,"Futbol"
14.1,5,0,1,1,3,37,74,"Futbol"
16.3,3,0,1,1,5,26,29,"Voleibol"
18.0,4,3,1,0,5,25,28,"Voleibol"
14.4,3,5,1,0,1,26,4,"Futbol"
15.1,3,1,1,2,5,42,4,"Futbol"
15.3,1,1,0,1,3,24,34,"Rugby"
17.6,3,1,1,2,1,37,19,"Futbol"
15.9,5,2,1,0,5,47,35,"Voleibol"
15.7,5,5,1,3,3,44,34,"Futbol"
13.2,4,1,0,1,3,42,35,"Futbol"
17.8,1,2,1,1,5,25,75,"Basketball"
16.3,4,3,0,0,6,23,47,"Basketball"
16.9,5,2,1,2,5,45,8,"Futbol"
13.7,5,1,1,3,4,22,59,"Rugby"
14.0,3,1,0,3,5,21,66,"Rugby"
17.4,4,2,1,2,3,37,32,"Futbol"
13.4,4,5,0,0,0,31,13,"Futbol"
13.3,1,6,0,3,5,18,39,"Rugby"
14.1,3,2,0,3,5,24,66,"Basketball"
16.0,4,2,0,0,5,26,28,"Voleibol"
17.7,3,3,1,3,5,20,35,"Rugby"
14.2,3,1,0,1,3,49,47,"Futbol"
15.6,1,6,0,3,5,18,8,"Rugby"
16.8,0,6,1,1,1,34,32,"Futbol"
13.8,3,1,1,2,5,21,4,"Voleibol"
17.9,3,1,0,1,6,56,4,"Voleibol"
18.8,3,1,0,3,5,21,45,"Rugby"
13.3,1,1,1,3,5,18,50,"Rugby"
14.0,3,2,0,0,5,28,4,"Voleibol"
14.0,5,2,0,3,3,47,0,"Futbol"
14.0,4,1,1,3,3,28,45,"Futbol"
18.8,6,1,0,3,3,49,0,"Futbol"
18.9,5,6,1,3,5,62,4,"Futbol"
16.1,2,1,0,2,3,39,54,"Rugby"
15.5,0,1,1,3,5,18,34,"Rugby"
15.9,5,2,1,1,5,47,35,"Futbol"
13.8,3,1,1,1,3,54,33,"Futbol"
14.6,4,1,1,2,3,47,4,"Futbol"
15.4,3,2,1,0,3,23,5,"Voleibol"
15.3,3,3,0,0,1,45,48,"Futbol"
13.3,3,1,1,3,5,18,4,"Rugby"
16.8,4,0,1,1,5,33,39,"Voleibol"
13.4,4,3,1,1,3,35,0,"Futbol"
16.6,5,1,1,3,3,50,29,"Futbol"
13.3,4,2,1,3,3,50,6,"Futbol"
18.2,4,2,0,0,5,27,4,"Voleibol"
18.5,5,2,0,3,3,27,35,"Rugby"
15.4,4,2,1,2,5,23,43,"Basketball"
15.5,4,3,1,0,5,26,6,"Voleibol"
18.5,4,1,1,2,5,23,29,"Rugby"
14.7,1,2,0,3,5,16,11,"Rugby"
17.4,2,5,1,3,5,24,35,"Rugby"
18.2,4,2,1,0,5,30,50,"Basketball"
17.5,4,2,0,2,5,50,18,"Futbol"
14.6,3,1,1,2,4,37,43,"Futbol"
15.0,4,6,1,1,3,34,50,"Futbol"
15.5,5,1,0,2,1,52,4,"Futbol"
16.2,4,1,0,0,3,29,56,"Basketball"
14.2,3,1,1,3,5,23,40,"Rugby"
18.0,1,1,1,2,3,47,54,"Futbol"
14.3,5,5,0,2,5,34,15,"Futbol"
16.5,3,1,0,0,5,46,4,"Voleibol"
13.4,4,5,0,1,5,27,29,"Futbol"
14.9,3,1,0,2,4,28,19,"Futbol"
13.5,7,2,1,2,3,24,35,"Futbol"
13.3,3,2,1,0,5,25,50,"Basketball"
16.3,5,1,1,2,3,67,25,"Futbol"
17.5,3,4,1,0,3,44,29,"Futbol"
17.5,4,5,1,0,5,37,32,"Voleibol"
14.2,4,2,1,2,3,44,7,"Futbol"
15.6,5,1,0,1,5,46,4,"Voleibol"
18.4,3,1,1,0,3,39,4,"Voleibol"
14.6,4,6,1,1,3,40,34,"Futbol"
15.8,6,2,1,3,3,38,33,"Futbol"
17.7,4,1,1,0,3,40,19,"Voleibol"
14.5,3,3,1,3,3,44,20,"Futbol"
16.4,3,3,1,3,5,19,8,"Rugby"
15.1,1,1,1,0,3,34,8,"Voleibol"
13.9,3,2,0,3,5,17,29,"Rugby"
15.3,3,1,1,1,3,39,2,"Futbol"
17.1,1,5,1,3,5,17,50,"Rugby"
15.7,4,3,1,0,5,27,2,"Voleibol"
17.7,7,3,1,0,5,19,55,"Basketball"
15.9,5,2,1,3,3,28,11,"Futbol"
17.0,3,1,1,3,5,21,50,"Rugby"
16.2,4,1,0,2,3,46,7,"Futbol"
16.3,4,2,0,2,3,36,50,"Futbol"
13.1,3,1,1,2,5,30,25,"Futbol"
18.1,0,6,0,3,5,14,8,"Rugby"
17.2,4,2,0,0,5,25,5,"Voleibol"
14.5,4,1,1,0,5,25,52,"Basketball"
14.2,3,1,0,3,3,44,48,"Futbol"
13.0,1,1,1,3,5,18,54,"Rugby"
15.2,6,0,1,3,5,47,72,"Basketball"
14.4,4,1,1,3,3,53,63,"Futbol"
17.2,3,1,0,2,3,44,40,"Futbol"
18.4,4,1,0,3,5,42,29,"Rugby"
18.4,3,1,1,3,5,25,34,"Rugby"
15.2,4,1,1,0,5,28,4,"Voleibol"
18.2,3,4,0,3,5,20,29,"Rugby"
16.0,3,3,1,0,1,39,29,"Futbol"
16.1,5,1,1,0,3,32,19,"Futbol"
13.5,4,1,0,1,3,45,6,"Futbol"
18.0,3,1,1,0,3,53,5,"Voleibol"
18.0,5,1,1,0,3,46,10,"Voleibol"
16.3,5,4,1,0,5,41,4,"Voleibol"
14.3,4,1,1,0,3,37,55,"Futbol"
14.8,3,1,0,3,5,18,45,"Rugby"
15.4,4,1,1,2,3,27,28,"Futbol"
15.8,1,2,1,3,5,19,59,"Rugby"
16.6,3,1,0,1,3,49,2,"Futbol"
14.6,3,1,1,2,5,23,12,"Futbol"
15.8,5,1,0,3,3,25,50,"Rugby"
15.7,1,2,1,0,5,25,50,"Basketball"
14.4,1,1,1,3,5,16,32,"Rugby"
16.6,3,1,1,0,3,47,23,"Futbol"
17.1,3,2,1,0,3,31,4,"Voleibol"
16.6,5,2,1,0,3,39,28,"Futbol"
16.8,3,1,1,0,3,37,7,"Voleibol"
17.5,4,1,0,0,4,43,2,"Voleibol"
18.5,5,1,1,2,3,67,40,"Futbol"
17.7,4,2,1,3,5,19,29,"Rugby"
16.8,1,1,1,0,5,28,55,"Basketball"
15.4,2,1,1,1,3,50,79,"Futbol"
17.7,1,1,1,3,5,17,8,"Rugby"
16.0,5,4,0,0,4,38,47,"Futbol"
13.6,3,1,1,3,5,30,29,"Futbol"
17.6,3,2,1,0,5,43,25,"Voleibol"
14.2,7,1,0,2,5,31,34,"Futbol"
18.8,4,4,0,3,5,21,55,"Rugby"
15.3,4,2,0,0,5,25,11,"Voleibol"
14.1,3,1,1,2,4,40,15,"Futbol"
16.3,4,0,1,0,0,59,11,"Futbol"
18.6,4,2,0,2,3,32,16,"Rugby"
17.3,3,3,1,3,5,19,51,"Rugby"
13.7,4,1,0,0,5,33,99,"Basketball"
16.2,3,1,0,3,5,24,32,"Rugby"
15.4,6,2,1,3,3,27,55,"Futbol"
16.5,6,1,0,0,5,36,35,"Voleibol"
15.1,4,1,0,2,4,43,19,"Futbol"
19.0,5,2,0,1,3,28,32,"Futbol"
13.5,0,5,0,3,5,15,57,"Rugby"
15.1,2,6,1,2,3,60,8,"Futbol"
15.8,1,4,1,3,5,16,37,"Rugby"
15.1,3,1,0,1,5,32,17,"Voleibol"
13.5,4,1,1,0,3,30,11,"Voleibol"
17.9,4,4,1,0,0,27,35,"Futbol"
15.7,4,1,0,0,1,43,20,"Futbol"
18.9,4,6,1,0,5,53,4,"Voleibol"
13.8,3,0,0,1,5,37,4,"Voleibol"
14.1,3,2,0,3,5,18,7,"Rugby"
18.8,4,1,0,0,5,28,95,"Basketball"
15.3,3,1,1,3,5,18,30,"Rugby"
18.1,7,1,0,2,1,43,35,"Futbol"
13.9,3,2,1,3,5,19,22,"Rugby"
16.0,5,1,1,0,3,54,7,"Futbol"
17.9,1,2,0,0,3,28,40,"Rugby"
13.8,4,4,1,1,5,33,11,"Futbol"
16.4,3,2,1,1,3,36,40,"Futbol"
16.1,3,2,1,3,5,19,42,"Rugby"
15.8,1,5,1,2,5,26,55,"Rugby"
14.2,3,1,1,1,3,42,21,"Futbol"
18.3,3,6,1,0,5,20,56,"Basketball"
18.1,1,1,1,3,5,29,43,"Rugby"
16.7,5,1,1,1,5,38,4,"Voleibol"
15.1,5,1,0,2,3,52,7,"Futbol"
13.2,1,1,1,2,4,42,7,"Futbol"
17.4,4,3,1,2,5,23,18,"Rugby"
17.4,5,6,0,2,3,34,4,"Futbol"
16.3,3,6,0,2,3,50,18,"Futbol"
18.4,5,1,1,1,3,37,54,"Futbol"
16.3,5,3,1,0,5,24,29,"Voleibol"
15.6,3,2,0,2,5,25,48,"Basketball"
16.6,4,2,0,2,5,22,7,"Rugby"
16.3,1,2,1,3,5,18,75,"Rugby"
17.5,1,2,1,2,3,30,30,"Rugby"
14.7,3,1,0,3,5,21,35,"Rugby"
18.6,4,2,1,1,3,40,63,"Futbol"
15.4,0,6,0,3,5,16,66,"Rugby"
16.9,4,1,1,2,5,27,11,"Futbol"
16.3,1,1,0,0,3,29,4,"Voleibol"
16.9,3,1,0,0,3,42,4,"Voleibol"
18.3,3,3,1,2,5,34,2,"Futbol"
17.6,3,2,0,3,5,20,21,"Rugby"
17.3,3,2,1,3,5,18,13,"Rugby"
14.9,6,1,0,2,3,32,75,"Basketball"
17.4,3,2,0,2,5,32,4,"Rugby"
16.1,7,2,1,3,5,29,32,"Futbol"
18.4,1,1,1,3,5,19,45,"Rugby"
15.8,5,4,1,3,5,25,4,"Futbol"
14.7,5,1,1,2,3,45,7,"Futbol"
18.6,5,1,1,3,5,45,7,"Futbol"
15.5,3,1,1,2,3,41,20,"Futbol"
16.4,5,1,1,0,5,24,8,"Voleibol"
13.4,5,1,1,1,3,68,9,"Futbol"
15.6,5,1,1,1,5,36,19,"Voleibol"
15.4,4,1,1,2,3,50,35,"Futbol"
14.6,3,5,1,3,5,19,23,"Rugby"
17.5,4,1,0,3,3,41,22,"Futbol"
16.5,3,0,1,2,5,22,5,"Rugby"
18.2,5,1,1,1,3,39,72,"Futbol"
17.2,1,1,1,1,5,40,40,"Voleibol"
17.0,1,1,1,2,3,25,7,"Rugby"
13.0,6,0,1,2,5,45,47,"Futbol"
18.5,4,5,0,0,5,38,28,"Voleibol"
17.1,5,1,1,2,3,61,7,"Futbol"
14.6,5,2,1,0,3,28,48,"Futbol"
15.4,4,6,1,3,5,22,40,"Rugby"
13.3,5,2,1,2,3,30,10,"Futbol"
16.0,2,1,1,2,1,46,40,"Futbol"
13.3,3,1,1,0,3,45,29,"Futbol"
16.9,4,3,1,3,5,22,16,"Rugby"
14.5,4,2,0,0,5,25,8,"Voleibol"
18.7,3,5,1,3,5,18,40,"Rugby"
15.0,4,2,0,3,5,25,2,"Rugby"
13.8,3,1,0,3,3,40,2,"Futbol"
13.4,7,1,1,2,5,37,7,"Futbol"
18.5,5,1,0,0,5,36,5,"Voleibol"
13.2,4,2,0,2,3,32,4,"Futbol"
13.9,4,1,0,2,5,27,18,"Futbol"
13.8,0,2,0,3,5,15,50,"Rugby"
13.4,5,1,0,2,1,49,28,"Futbol"
16.5,0,6,1,3,5,17,10,"Rugby"
14.7,4,3,1,3,5,25,43,"Rugby"
17.3,3,1,1,0,3,57,30,"Futbol"
13.5,4,1,1,0,3,35,41,"Futbol"
17.2,4,5,1,2,3,37,50,"Futbol"
18.3,5,2,1,3,3,34,54,"Rugby"
16.2,3,3,1,3,5,20,4,"Rugby"
16.0,2,1,0,2,3,44,32,"Futbol"
14.1,2,1,1,2,1,44,107,"Futbol"
16.9,4,1,1,0,3,37,29,"Futbol"
15.2,3,1,1,2,5,36,30,"Futbol"
17.3,5,2,1,0,5,37,43,"Voleibol"
15.8,4,1,1,1,3,50,43,"Futbol"
14.1,4,2,0,2,0,26,29,"Futbol"
15.8,5,1,1,2,3,45,32,"Futbol"
13.2,3,2,0,3,5,18,35,"Rugby"
15.1,5,1,0,3,5,53,15,"Futbol"
13.4,4,1,0,1,3,28,8,"Futbol"
15.3,3,1,1,2,3,35,4,"Futbol"
18.4,4,2,0,2,3,44,40,"Futbol"
16.8,6,1,1,3,3,57,35,"Futbol"
13.6,3,6,1,1,5,21,4,"Voleibol"
18.4,4,3,1,1,3,38,29,"Futbol"
18.7,3,6,1,0,3,35,11,"Futbol"
14.6,3,1,1,0,5,29,45,"Voleibol"
17.6,5,2,1,2,5,36,21,"Futbol"
13.9,0,1,0,3,5,15,28,"Rugby"
17.4,3,3,1,1,3,52,48,"Futbol"
18.1,4,2,1,2,5,25,4,"Futbol"
17.3,3,4,1,0,5,37,43,"Voleibol"
13.0,1,1,1,3,5,22,22,"Rugby"
16.1,4,1,1,0,5,26,50,"Basketball"
17.9,3,1,1,0,3,33,30,"Voleibol"
16.6,3,3,1,2,1,46,34,"Futbol"
13.2,3,1,1,0,5,36,11,"Voleibol"
14.5,6,1,0,3,1,48,4,"Futbol"
17.9,3,1,0,0,5,32,8,"Voleibol"
18.6,4,1,0,2,5,34,36,"Rugby"
17.0,3,5,1,1,3,53,35,"Futbol"
19.0,3,1,1,0,5,21,54,"Basketball"
13.8,4,1,0,2,3,44,3,"Futbol"
15.0,3,1,1,2,3,30,12,"Futbol"
16.6,3,1,0,3,5,17,47,"Rugby"
14.8,3,1,1,2,3,43,40,"Futbol"
18.7,0,2,0,3,5,16,29,"Rugby"
14.4,4,1,1,1,5,36,40,"Futbol"
17.1,3,0,1,2,3,48,29,"Futbol"
15.5,1,1,1,0,3,32,4,"Voleibol"
18.8,3,2,0,2,3,27,20,"Rugby"
16.1,4,2,0,2,5,26,4,"Futbol"
14.9,4,1,0,2,3,57,34,"Futbol"
15.2,3,6,0,3,5,18,55,"Rugby"
14.1,2,1,1,2,3,46,61,"Futbol"
15.2,3,4,1,3,5,20,30,"Rugby"
18.2,5,6,1,2,3,42,17,"Futbol"
13.1,5,5,1,0,5,45,40,"Futbol"
16.8,4,3,0,1,3,40,8,"Futbol"
14.8,4,1,1,0,5,29,8,"Voleibol"
14.8,3,6,1,2,3,41,4,"Futbol"
18.0,0,0,1,3,5,16,29,"Rugby"
13.3,3,2,0,3,5,18,21,"Rugby"
17.4,6,1,1,3,3,59,4,"Futbol"
13.3,4,1,0,2,5,24,11,"Futbol"
13.3,3,1,1,0,5,24,16,"Voleibol"
17.7,4,1,1,0,5,44,4,"Voleibol"
13.0,3,1,0,3,1,25,7,"Futbol"
14.8,3,1,1,2,6,61,4,"Voleibol"
13.2,4,1,1,3,5,22,20,"Futbol"
17.2,3,1,1,3,0,18,4,"Rugby"
18.9,4,1,1,2,3,32,54,"Rugby"
17.2,2,1,1,2,3,34,66,"Rugby"
15.7,4,3,1,0,5,36,4,"Voleibol"
18.6,3,2,1,2,3,30,3,"Futbol"
18.4,4,1,1,0,3,45,2,"Voleibol"
15.7,4,1,1,0,3,43,39,"Futbol"
13.0,3,2,0,3,5,21,29,"Rugby"
14.2,5,2,1,2,3,51,54,"Futbol"
13.8,3,1,0,2,6,55,28,"Futbol"
16.8,3,2,0,1,3,29,40,"Rugby"
15.8,4,2,1,2,5,23,93,"Basketball"
13.7,4,1,1,0,5,24,35,"Voleibol"
13.7,4,4,1,2,5,43,4,"Futbol"
13.7,6,1,1,3,3,49,30,"Futbol"
16.2,4,1,0,3,3,25,11,"Rugby"
13.8,3,1,0,3,5,22,4,"Rugby"
17.6,7,1,1,0,3,45,45,"Futbol"
15.1,4,6,0,3,5,37,50,"Basketball"
18.5,1,1,1,3,5,16,40,"Rugby"
18.8,1,3,1,0,5,15,45,"Rugby"
14.6,4,1,1,3,5,22,55,"Rugby"
15.4,1,0,0,3,5,17,45,"Rugby"
18.8,4,2,1,1,5,37,3,"Voleibol"
19.0,3,1,1,0,3,40,23,"Voleibol"
17.8,2,1,1,3,5,25,99,"Rugby"
16.9,4,1,0,3,3,45,5,"Futbol"
18.9,5,3,1,2,5,27,48,"Rugby"
18.7,3,3,0,0,4,38,12,"Voleibol"
17.1,7,5,1,0,5,24,43,"Futbol"
17.5,3,1,1,2,3,38,29,"Futbol"
14.5,6,2,1,3,1,53,7,"Futbol"
17.6,7,1,1,2,3,42,7,"Futbol"
16.4,1,1,1,3,5,14,50,"Rugby"
17.2,5,1,0,1,3,42,50,"Futbol"
14.8,4,4,1,0,5,25,75,"Basketball"
14.9,5,2,1,2,5,35,6,"Futbol"
18.0,4,1,1,2,1,51,2,"Futbol"
14.3,3,1,1,2,1,69,2,"Futbol"
15.2,0,6,0,3,5,17,50,"Rugby"
13.9,4,1,1,3,5,24,64,"Basketball"
13.1,3,2,1,0,3,49,89,"Futbol"
13.7,3,1,0,3,5,20,39,"Rugby"
15.3,4,1,0,3,3,42,4,"Futbol"
13.8,3,1,1,0,3,45,4,"Voleibol"
14.0,3,1,0,3,5,19,40,"Rugby"
16.1,1,1,0,3,5,25,54,"Rugby"
16.8,7,1,0,0,5,37,8,"Voleibol"
16.0,4,3,0,0,4,38,18,"Voleibol"
16.5,5,1,1,3,5,27,100,"Basketball"
14.7,3,1,1,2,5,38,8,"Futbol"
14.7,4,1,1,2,5,27,11,"Futbol"
14.3,5,2,1,1,3,42,19,"Futbol"
17.6,4,3,1,0,3,37,4,"Voleibol"
16.5,1,3,1,3,5,21,48,"Rugby"
16.0,5,2,1,2,3,35,7,"Futbol"
13.6,7,1,1,0,5,19,61,"Basketball"
14.7,4,1,0,2,3,27,35,"Futbol"
17.9,5,1,1,0,3,36,43,"Futbol"
15.5,3,2,1,1,3,51,4,"Futbol"
13.6,5,1,0,1,5,28,55,"Basketball"
15.6,4,2,1,0,5,32,28,"Voleibol"
16.6,5,6,1,2,3,61,18,"Futbol"
17.0,0,2,0,3,5,14,103,"Rugby"
16.5,2,1,0,3,3,28,21,"Rugby"
13.3,4,2,1,0,5,28,20,"Voleibol"
13.9,3,6,0,2,1,54,7,"Futbol"
15.8,4,3,0,2,5,24,34,"Basketball"
17.5,5,1,1,2,3,51,19,"Futbol"
13.8,3,1,1,3,5,23,38,"Rugby"
14.9,0,1,1,3,5,18,55,"Rugby"
17.5,3,1,0,0,3,35,45,"Futbol"
13.1,1,1,0,3,5,19,8,"Rugby"
16.2,1,1,1,3,5,17,45,"Rugby"
15.6,4,1,0,0,3,32,8,"Voleibol"
14.8,2,1,1,1,3,57,40,"Futbol"
14.1,5,1,0,1,5,28,8,"Voleibol"
18.3,5,1,0,3,6,44,12,"Futbol"
14.1,3,0,1,3,5,23,9,"Rugby"
15.5,4,5,0,0,5,23,4,"Voleibol"
13.9,3,1,0,0,5,25,43,"Basketball"
15.2,4,2,1,2,5,29,4,"Futbol"
18.3,1,1,1,0,3,37,54,"Futbol"
16.4,3,6,0,1,3,41,40,"Futbol"
18.3,6,1,0,3,3,44,44,"Futbol"
13.9,5,2,1,3,3,25,54,"Futbol"
14.5,5,2,1,0,3,34,4,"Futbol"
17.0,6,1,1,3,3,47,100,"Basketball"
13.5,4,2,0,2,0,38,7,"Futbol"
13.7,0,1,0,3,5,16,68,"Rugby"
17.3,4,1,1,2,5,27,4,"Futbol"
17.1,4,2,1,0,5,24,21,"Voleibol"
13.2,0,1,1,0,1,38,55,"Futbol"
16.6,4,5,1,2,3,29,4,"Futbol"
13.7,5,3,1,0,5,29,55,"Basketball"
13.4,1,3,1,1,3,32,4,"Futbol"
16.8,5,1,1,2,1,31,8,"Futbol"
13.7,4,6,1,3,5,23,50,"Futbol"
16.5,2,6,1,2,5,42,29,"Futbol"
14.0,5,1,1,0,0,47,72,"Futbol"
17.3,5,1,0,3,3,61,7,"Futbol"
16.3,5,1,0,0,5,56,5,"Voleibol"
18.3,3,2,1,0,3,23,7,"Voleibol"
18.9,3,1,1,2,1,48,4,"Futbol"
16.4,4,1,0,3,3,45,4,"Futbol"
14.4,4,1,1,1,3,49,43,"Futbol"
13.1,4,1,0,2,3,41,95,"Basketball"
14.5,3,0,1,0,5,23,66,"Basketball"
17.6,3,1,0,0,1,23,4,"Futbol"
16.2,4,1,1,0,3,37,35,"Futbol"
15.9,3,1,0,2,5,37,32,"Basketball"
18.3,3,1,1,3,5,20,11,"Rugby"
13.9,1,1,1,3,5,17,28,"Rugby"
14.8,1,1,1,3,5,20,35,"Rugby"
15.3,3,4,0,2,5,26,47,"Basketball"
15.1,3,4,1,3,5,22,5,"Rugby"
14.3,1,6,1,0,0,39,29,"Futbol"
15.0,3,3,1,0,3,27,41,"Futbol"
15.4,1,1,0,3,5,18,51,"Rugby"
18.1,5,1,1,2,3,33,8,"Futbol"
13.5,7,1,1,2,3,52,28,"Futbol"
15.8,4,1,0,0,3,35,7,"Voleibol"
13.5,5,2,1,0,5,25,43,"Voleibol"
18.2,3,1,0,1,3,41,43,"Futbol"
14.8,5,2,1,3,5,27,12,"Futbol"
13.2,2,1,0,1,1,36,29,"Futbol"
16.5,4,1,1,3,5,21,61,"Rugby"
16.6,3,1,1,2,3,35,36,"Futbol"
13.4,6,1,0,3,3,54,17,"Futbol"
17.6,3,6,0,3,5,18,43,"Rugby"
17.5,3,1,0,2,3,40,8,"Futbol"
16.1,3,2,0,3,5,21,29,"Rugby"
18.4,6,1,1,2,3,38,18,"Futbol"
18.8,7,3,1,3,5,22,4,"Futbol"
18.5,1,2,1,3,5,14,2,"Rugby"
15.9,4,1,0,3,3,28,18,"Rugby"
13.9,3,1,1,2,3,43,54,"Futbol"
16.2,4,3,1,0,3,35,55,"Futbol"
15.0,4,2,1,2,5,27,102,"Basketball"
14.5,1,1,0,3,5,18,19,"Rugby"
17.9,3,2,1,3,5,20,4,"Rugby"
16.6,5,1,0,2,5,27,60,"Basketball"
18.7,3,1,1,2,5,29,103,"Basketball"
15.9,5,1,1,2,3,41,40,"Futbol"
15.7,3,2,0,0,5,33,29,"Voleibol"
14.4,2,1,1,0,3,34,98,"Basketball"
18.5,3,2,1,3,5,41,2,"Futbol"
16.7,1,3,1,3,5,17,11,"Rugby"
15.1,5,2,1,1,0,28,32,"Futbol"
18.0,6,1,1,3,1,41,4,"Futbol"
13.4,4,5,1,0,5,21,27,"Voleibol"
18.1,1,2,1,1,3,33,12,"Futbol"
18.8,4,1,1,3,5,34,8,"Rugby"
14.5,1,1,1,3,5,19,45,"Rugby"
14.7,0,3,1,3,5,13,4,"Rugby"
18.1,3,2,1,3,5,20,32,"Rugby"
17.1,5,1,0,3,5,26,29,"Rugby"
17.7,4,1,0,2,5,26,29,"Rugby"
14.6,4,1,1,2,0,48,43,"Futbol"
14.2,3,6,1,3,5,18,55,"Rugby"
14.6,3,1,1,2,3,27,48,"Futbol"
14.2,4,3,1,0,3,39,75,"Futbol"
16.7,5,1,1,3,3,60,4,"Futbol"
13.2,7,1,1,0,3,57,2,"Futbol"
16.1,3,5,1,1,3,30,40,"Futbol"
16.5,1,6,1,3,5,15,21,"Rugby"
16.9,3,5,1,3,5,23,50,"Rugby"
13.7,4,5,1,0,5,30,23,"Voleibol"
17.4,5,1,1,1,3,44,7,"Futbol"
18.6,4,1,0,2,1,39,29,"Futbol"
14.8,2,1,1,2,5,46,29,"Futbol"
16.1,5,1,0,3,3,36,16,"Futbol"
13.3,4,1,1,2,5,53,0,"Futbol"
15.0,4,3,1,1,3,53,48,"Futbol"
17.3,3,2,1,0,5,19,55,"Basketball"
13.5,3,2,1,3,5,21,45,"Rugby"
13.2,1,1,0,1,6,40,4,"Voleibol"
15.2,3,1,1,1,1,67,8,"Futbol"
16.6,4,2,1,1,3,42,16,"Futbol"
15.0,3,0,1,0,5,52,2,"Voleibol"
18.9,3,1,0,3,3,40,43,"Rugby"
14.1,4,1,1,0,5,24,5,"Voleibol"
14.5,3,2,0,3,5,22,22,"Rugby"
14.0,4,2,1,2,3,29,28,"Futbol"
17.0,5,2,1,0,3,31,29,"Futbol"
14.2,1,1,1,2,3,43,25,"Futbol"
14.1,4,3,1,1,5,23,40,"Futbol"
14.1,6,2,0,3,3,50,40,"Futbol"
16.8,5,2,0,2,5,36,7,"Futbol"
18.0,2,2,1,0,5,37,48,"Voleibol"
16.9,2,1,1,2,3,44,16,"Futbol"
16.3,4,1,0,3,3,50,17,"Futbol"
18.3,3,1,0,3,3,26,4,"Rugby"
15.5,4,4,0,0,1,47,43,"Futbol"
14.5,3,1,0,3,5,29,18,"Rugby"
15.5,3,1,0,0,3,40,29,"Futbol"
13.9,2,6,1,2,3,37,45,"Futbol"
15.6,3,1,1,3,5,40,19,"Futbol"
18.4,3,2,1,1,3,37,11,"Futbol"
13.2,3,1,0,3,5,21,5,"Rugby"
14.4,1,2,1,1,3,46,54,"Futbol"
18.3,5,1,1,0,3,27,29,"Futbol"
18.8,4,6,1,0,1,46,8,"Futbol"
14.6,0,1,1,3,0,16,27,"Rugby"
13.2,3,3,1,3,5,23,40,"Rugby"
13.5,3,6,1,1,3,34,29,"Futbol"
16.2,3,1,1,2,3,45,7,"Futbol"
17.1,4,4,0,0,5,26,4,"Voleibol"
17.8,4,1,1,0,3,60,55,"Futbol"
16.2,7,1,0,0,3,47,42,"Futbol"
17.0,3,1,1,2,3,35,43,"Futbol"
18.1,5,1,1,0,3,32,11,"Voleibol"
17.7,4,2,1,0,5,28,21,"Voleibol"
18.1,5,2,0,3,5,30,47,"Rugby"
14.0,1,1,1,3,5,18,12,"Rugby"
17.8,7,1,1,2,1,37,20,"Futbol"
17.8,4,6,0,0,0,30,5,"Futbol"
16.0,4,3,0,2,6,51,14,"Futbol"
14.1,4,0,1,1,3,56,40,"Futbol"
14.2,3,1,1,1,3,57,99,"Futbol"
14.2,4,1,0,3,3,25,32,"Rugby"
17.3,3,3,1,3,5,22,18,"Rugby"
16.8,3,4,0,0,3,34,20,"Futbol"
16.4,3,2,1,1,3,42,48,"Futbol"
13.6,5,1,1,3,3,58,7,"Futbol"
17.2,3,1,1,0,3,38,8,"Voleibol"
16.0,1,1,1,1,3,40,54,"Futbol"
13.2,5,1,1,3,3,54,15,"Futbol"
17.1,0,1,1,3,5,15,47,"Rugby"
15.8,3,6,1,0,5,33,11,"Voleibol"
16.7,2,1,1,2,5,64,4,"Futbol"
14.3,1,1,1,3,5,21,30,"Rugby"
16.9,5,2,1,2,3,54,8,"Futbol"
14.1,5,1,1,1,3,33,56,"Futbol"
18.5,1,2,0,3,5,18,28,"Rugby"
15.8,1,1,1,1,5,32,20,"Voleibol"
18.8,6,2,0,3,5,32,29,"Rugby"
14.7,0,5,1,2,4,33,15,"Futbol"
13.6,4,2,1,3,3,23,40,"Futbol"
13.3,4,1,1,2,3,38,56,"Futbol"
17.6,3,2,1,3,5,25,65,"Rugby"
15.6,3,1,1,0,3,33,24,"Voleibol"
18.4,1,2,1,0,5,18,34,"Rugby"
14.8,1,5,1,0,3,29,78,"Basketball"
14.6,4,1,1,0,3,31,30,"Futbol"
18.6,2,1,1,0,3,43,8,"Voleibol"
16.0,5,2,1,1,3,29,32,"Futbol"
18.4,4,1,1,2,3,40,2,"Futbol"
14.8,3,1,0,1,3,56,40,"Futbol"
18.5,4,1,1,0,3,38,40,"Futbol"
16.0,1,1,0,3,5,18,63,"Rugby"
18.6,1,6,1,3,5,18,41,"Rugby"
16.2,1,2,1,3,5,19,59,"Rugby"
16.9,3,2,1,3,5,19,20,"Rugby"
13.3,1,0,1,3,5,18,37,"Rugby"
18.8,4,1,0,2,5,49,29,"Futbol"
17.3,4,1,1,3,5,23,64,"Rugby"
18.4,5,2,1,1,3,42,64,"Futbol"
15.8,4,2,0,2,5,33,4,"Futbol"
17.6,5,2,1,0,3,45,68,"Futbol"
15.1,5,2,0,3,5,27,50,"Basketball"
16.9,5,5,1,2,3,39,20,"Futbol"
17.3,4,1,0,0,5,25,37,"Basketball"
14.3,5,2,1,1,3,37,55,"Futbol"
17.7,1,2,1,3,5,16,35,"Rugby"
16.6,1,0,1,3,5,15,92,"Rugby"
16.9,1,2,1,1,3,47,63,"Futbol"
14.7,1,1,1,3,5,18,55,"Rugby"
14.0,3,1,1,3,5,21,66,"Rugby"
13.1,4,1,1,2,3,43,8,"Futbol"
13.1,3,1,1,1,3,27,4,"Futbol"
15.8,5,1,1,2,5,27,72,"Basketball"
17.4,3,5,1,3,5,26,35,"Rugby"
18.1,4,3,1,2,3,63,28,"Futbol"
13.8,4,1,0,2,3,39,0,"Futbol"
17.3,3,1,0,2,3,39,11,"Futbol"
13.0,4,1,1,3,5,28,98,"Basketball"
17.8,5,1,1,3,5,26,7,"Rugby"
15.3,4,4,1,1,5,55,40,"Futbol"
17.9,5,1,1,2,5,50,7,"Futbol"
15.6,4,1,1,0,5,24,23,"Voleibol"
13.7,4,1,1,1,3,69,48,"Futbol"
16.3,5,4,1,2,3,41,66,"Futbol"
14.8,5,1,1,2,3,49,41,"Futbol"
18.8,3,1,0,3,3,49,33,"Futbol"
13.9,7,1,1,2,1,42,23,"Futbol"
18.7,4,6,1,2,6,69,1,"Futbol"
16.6,3,2,0,0,5,21,4,"Voleibol"
17.2,1,1,1,2,3,34,18,"Rugby"
14.4,4,0,1,0,3,35,54,"Futbol"
16.1,5,1,0,0,5,40,36,"Voleibol"
14.8,3,6,0,2,3,49,7,"Futbol"
18.1,5,6,1,1,1,49,53,"Futbol"
14.7,5,1,1,0,5,26,35,"Voleibol"
18.0,5,1,1,2,3,31,64,"Rugby"
17.0,2,1,1,2,1,64,34,"Futbol"
15.1,5,1,1,2,5,42,7,"Futbol"
17.6,4,1,0,3,5,21,88,"Rugby"
17.9,4,1,1,1,3,54,7,"Futbol"
14.0,3,1,1,1,3,44,29,"Futbol"
18.7,4,1,1,0,3,45,48,"Futbol"
17.8,4,3,1,3,5,23,54,"Rugby"
14.6,3,0,0,3,5,21,0,"Rugby"
13.4,1,1,1,0,3,24,29,"Voleibol"
16.0,4,1,1,1,3,51,35,"Futbol"
16.4,3,1,1,1,5,24,54,"Basketball"
18.4,4,4,1,2,5,23,11,"Rugby"
16.0,4,1,0,2,5,27,55,"Basketball"
14.7,3,1,0,0,3,30,2,"Voleibol"
14.7,3,2,1,3,5,20,34,"Rugby"
18.6,3,1,1,3,5,19,11,"Rugby"
18.8,1,1,0,3,5,17,37,"Rugby"
15.5,4,2,0,1,5,23,98,"Basketball"
18.4,7,1,0,2,3,33,11,"Futbol"
16.2,1,1,1,1,3,48,33,"Futbol"
17.6,3,1,1,0,3,50,7,"Voleibol"
13.6,1,6,0,3,5,19,55,"Rugby"
15.1,5,5,1,1,3,35,65,"Futbol"
13.5,4,6,1,1,3,41,21,"Futbol"
14.0,5,1,0,1,3,38,43,"Futbol"
18.8,4,2,1,0,5,25,18,"Voleibol"
17.6,5,1,1,2,1,50,11,"Futbol"
13.4,5,2,0,3,1,60,20,"Futbol"
15.5,4,1,1,3,5,23,15,"Rugby"
16.4,7,1,0,0,3,28,14,"Futbol"
18.3,0,6,1,3,5,17,12,"Rugby"
18.3,1,2,1,0,3,30,20,"Voleibol"
18.4,5,2,1,2,3,40,43,"Futbol"
13.8,3,2,1,0,5,33,4,"Voleibol"
18.6,1,2,1,2,3,34,29,"Rugby"
16.2,2,1,0,2,5,32,48,"Basketball"
17.8,1,0,0,1,3,33,18,"Rugby"
15.9,2,0,1,2,3,44,51,"Futbol"
17.5,5,1,1,1,3,50,15,"Futbol"
14.0,1,2,1,2,5,31,28,"Futbol"
18.6,3,3,1,2,5,29,15,"Rugby"
13.8,4,5,1,1,3,57,30,"Futbol"
18.8,4,3,1,0,5,28,54,"Basketball"
18.6,4,1,0,1,3,30,41,"Rugby"
18.5,3,1,0,3,3,31,43,"Rugby"
16.3,5,2,1,1,5,46,50,"Futbol"
17.3,4,1,1,1,3,54,54,"Futbol"
15.8,3,3,1,1,4,23,40,"Futbol"
15.3,4,1,1,3,5,23,15,"Rugby"
14.9,5,1,0,0,3,43,35,"Futbol"
13.1,5,3,1,2,3,27,40,"Futbol"
18.2,5,2,1,3,3,28,11,"Futbol"
18.5,5,1,1,0,3,47,4,"Voleibol"
15.7,4,1,1,0,3,46,11,"Voleibol"
14.1,3,1,1,3,3,37,7,"Futbol"
15.7,3,2,1,0,5,19,96,"Basketball"
16.8,3,1,1,0,3,39,50,"Futbol"
16.8,1,1,0,3,5,18,29,"Rugby"
18.2,5,2,0,3,0,31,48,"Rugby"
13.2,3,1,1,2,1,54,8,"Futbol"
14.2,3,6,0,3,5,18,40,"Rugby"
18.6,5,6,1,2,5,37,20,"Futbol"
16.6,3,3,0,0,3,30,48,"Futbol"
14.9,5,2,0,3,3,43,7,"Futbol"
17.4,4,1,1,2,5,30,5,"Futbol"
18.9,7,2,1,0,3,29,20,"Futbol"
16.4,7,1,1,0,5,26,119,"Basketball"
17.2,5,5,1,1,5,34,28,"Futbol"
13.8,3,1,1,2,5,44,14,"Futbol"
15.1,4,5,1,0,1,29,19,"Futbol"
17.4,3,1,1,0,5,20,27,"Voleibol"
15.0,3,1,0,3,5,18,19,"Rugby"
15.1,4,1,1,3,3,36,75,"Futbol"
14.5,1,1,1,0,1,51,30,"Futbol"
13.1,5,1,0,0,3,49,18,"Futbol"
16.0,3,2,0,0,3,31,10,"Voleibol"
17.6,3,2,0,0,3,36,2,"Voleibol"
15.0,2,1,0,2,1,41,8,"Futbol"
17.2,4,2,1,1,3,48,54,"Futbol"
15.1,3,1,1,0,3,53,5,"Voleibol"
14.0,3,1,1,3,5,18,32,"Rugby"
18.0,4,1,1,0,3,33,4,"Voleibol"
18.2,0,2,1,3,5,16,50,"Rugby"
16.1,3,3,1,3,0,22,41,"Rugby"
18.5,3,1,1,1,5,33,40,"Basketball"
14.9,6,1,1,3,3,41,54,"Futbol"
17.7,5,1,1,1,3,48,40,"Futbol"
14.7,3,2,1,0,3,45,40,"Futbol"
17.8,4,1,1,2,5,27,0,"Voleibol"
13.4,3,2,0,0,1,49,4,"Futbol"
18.5,4,1,0,0,3,23,12,"Voleibol"
18.8,2,1,1,3,5,28,87,"Rugby"
14.2,4,1,1,2,3,30,28,"Futbol"
15.9,4,1,1,3,3,43,20,"Futbol"
17.2,4,1,1,1,5,31,29,"Voleibol"
18.9,4,6,0,0,3,28,18,"Futbol"
15.5,3,4,0,1,5,32,5,"Voleibol"
18.9,3,1,1,2,3,54,4,"Futbol"
13.4,3,6,1,1,3,44,30,"Futbol"
15.5,1,1,1,0,5,27,54,"Basketball"
13.7,5,1,1,0,3,42,54,"Futbol"
14.5,3,3,1,2,3,33,4,"Futbol"
17.9,6,1,1,0,3,50,48,"Futbol"
16.9,6,3,1,0,3,42,30,"Futbol"
16.9,5,2,1,2,3,29,22,"Futbol"
16.4,4,2,1,0,3,29,21,"Futbol"
16.7,4,1,1,0,5,42,19,"Voleibol"
18.3,4,1,0,1,5,26,29,"Basketball"
15.9,3,2,1,3,5,20,34,"Rugby"
15.4,4,0,1,2,5,27,95,"Basketball"
15.2,6,0,0,3,5,20,55,"Basketball"
18.1,4,1,1,1,1,34,4,"Futbol"
13.3,4,2,1,3,5,22,4,"Futbol"
15.8,4,1,0,2,5,23,23,"Rugby"
17.0,3,1,1,2,1,32,2,"Futbol"
13.5,1,1,1,3,5,16,48,"Rugby"
18.2,1,1,0,1,5,18,40,"Rugby"
16.8,3,2,1,2,3,27,31,"Rugby"
14.9,3,1,0,3,5,19,20,"Rugby"
18.1,4,1,1,2,3,41,19,"Futbol"
18.9,3,1,1,3,5,21,11,"Rugby"
13.1,5,1,1,2,0,43,63,"Futbol"
15.3,4,2,1,0,3,28,0,"Voleibol"
14.1,3,1,0,2,5,24,4,"Futbol"
16.3,3,1,0,0,5,33,8,"Voleibol"
14.9,4,1,1,0,5,23,2,"Voleibol"
14.9,2,1,1,2,4,45,29,"Futbol"
14.1,5,2,1,3,3,32,40,"Futbol"
17.5,5,1,1,2,1,46,40,"Futbol"
17.6,4,1,1,2,5,22,29,"Rugby"
16.2,3,1,1,0,5,26,20,"Voleibol"
14.5,3,1,1,0,3,46,4,"Voleibol"
13.6,4,1,1,0,3,23,20,"Voleibol"
14.9,4,2,0,1,5,26,5,"Voleibol"
15.5,3,2,1,0,5,21,8,"Voleibol"
13.0,6,1,1,3,3,61,5,"Futbol"
17.0,3,1,1,0,5,23,20,"Voleibol"
17.0,4,2,0,0,3,36,40,"Futbol"
14.8,4,2,1,0,3,32,18,"Futbol"
17.3,7,6,1,0,5,24,30,"Futbol"
17.8,4,2,1,3,5,22,56,"Rugby"
16.3,5,1,1,1,3,51,52,"Futbol"
16.5,4,1,1,2,5,45,8,"Futbol"
14.1,2,5,1,2,3,32,55,"Futbol"
13.5,4,2,1,3,5,26,29,"Futbol"
15.1,4,2,0,0,5,43,43,"Voleibol"
15.6,6,1,1,3,3,56,6,"Futbol"
16.8,1,6,0,3,5,22,89,"Rugby"
17.8,4,4,1,1,3,36,0,"Futbol"
15.2,4,3,0,0,5,27,25,"Voleibol"
16.6,3,2,1,3,5,20,51,"Rugby"
14.6,3,1,0,0,3,35,48,"Futbol"
13.8,3,1,1,0,1,66,91,"Futbol"
16.3,1,1,0,1,3,42,35,"Futbol"
14.9,7,1,0,2,1,50,45,"Futbol"
17.3,4,1,1,0,5,30,19,"Voleibol"
15.6,5,3,1,1,3,35,29,"Futbol"
18.6,5,6,1,2,3,46,35,"Futbol"
13.6,4,6,1,0,3,30,7,"Futbol"
16.0,3,1,0,1,3,39,10,"Futbol"
13.7,5,1,1,0,3,29,4,"Voleibol"
16.2,2,1,1,2,3,55,48,"Futbol"
17.6,3,1,1,1,1,42,8,"Futbol"
18.4,3,1,1,3,3,26,48,"Rugby"
17.5,5,1,0,2,5,27,4,"Futbol"
18.1,1,1,0,2,3,35,30,"Rugby"
17.1,4,6,0,3,5,20,23,"Rugby"
17.1,4,5,1,0,3,33,7,"Futbol"
17.3,3,1,0,1,3,51,51,"Futbol"
13.8,3,1,0,1,3,39,5,"Futbol"
19.0,3,1,0,3,5,18,28,"Rugby"
13.7,3,2,1,3,5,20,36,"Rugby"
18.3,5,1,1,3,5,28,97,"Basketball"
17.2,3,5,1,3,5,25,48,"Rugby"
18.2,1,1,1,1,3,62,4,"Futbol"
13.7,3,2,0,3,5,19,29,"Rugby"
13.6,4,2,1,2,3,32,29,"Futbol"
14.3,3,1,1,0,5,52,43,"Voleibol"
15.9,7,6,0,2,0,56,4,"Futbol"
17.6,5,1,1,2,3,41,59,"Futbol"
18.6,3,1,1,0,4,47,23,"Voleibol"
17.9,4,2,0,2,3,24,11,"Rugby"
14.7,1,0,1,3,5,20,29,"Rugby"
16.5,4,1,1,2,3,42,4,"Futbol"
13.0,5,1,1,1,3,50,37,"Futbol"
14.2,3,2,0,3,5,28,40,"Rugby"
16.5,4,2,1,0,5,28,55,"Basketball"
16.4,7,5,0,2,1,26,6,"Futbol"
13.6,4,1,0,3,3,52,7,"Futbol"
16.7,3,1,0,1,3,52,7,"Futbol"
18.8,4,1,0,0,1,50,4,"Futbol"
14.3,5,1,1,1,3,65,7,"Futbol"
16.0,3,2,1,3,5,26,55,"Rugby"
17.7,4,2,0,0,3,38,43,"Futbol"
13.6,4,2,1,0,3,43,35,"Futbol"
13.5,3,5,1,3,5,22,72,"Basketball"
14.8,3,2,0,0,3,36,4,"Voleibol"
18.6,3,2,1,1,5,23,39,"Rugby"
14.0,2,1,1,2,3,72,103,"Futbol"
14.1,3,3,1,2,5,24,13,"Futbol"
18.0,2,2,1,3,3,50,30,"Futbol"
18.9,5,1,0,1,6,59,11,"Voleibol"
16.4,3,1,1,3,5,23,40,"Rugby"
14.8,4,1,1,0,4,39,40,"Voleibol"
17.4,3,1,1,2,1,59,5,"Futbol"
15.4,3,6,1,1,3,78,4,"Futbol"
17.6,3,1,1,0,3,55,11,"Voleibol"
15.6,1,5,1,3,5,19,29,"Rugby"
17.5,3,6,0,3,5,18,29,"Rugby"
15.4,3,2,1,3,5,18,8,"Rugby"
17.0,3,1,0,0,3,31,44,"Basketball"
17.2,3,1,1,1,5,41,20,"Voleibol"
19.0,4,1,1,0,3,28,4,"Voleibol"
16.9,3,2,1,1,5,20,23,"Voleibol"
15.1,7,2,1,1,1,36,32,"Futbol"
13.5,0,1,1,3,5,14,29,"Rugby"
14.2,4,1,1,2,5,23,55,"Basketball"
14.1,7,1,0,2,5,40,16,"Futbol"
14.6,4,0,1,0,3,33,50,"Futbol"
18.7,7,1,1,2,3,52,45,"Futbol"
18.5,3,1,1,3,5,20,55,"Rugby"
16.9,4,1,0,0,3,25,50,"Basketball"
17.6,1,1,1,2,1,60,4,"Futbol"
15.9,3,1,1,1,1,41,19,"Futbol"
18.8,1,3,1,0,3,31,54,"Rugby"
16.6,3,3,1,0,5,23,28,"Voleibol"
13.2,3,1,1,1,5,19,10,"Voleibol"
16.0,3,2,1,0,5,28,4,"Voleibol"
14.5,6,1,1,3,5,35,7,"Futbol"
14.8,3,1,0,1,5,47,30,"Voleibol"
14.8,3,1,0,3,5,20,66,"Rugby"
15.0,2,1,1,2,3,54,50,"Futbol"
14.4,5,1,0,0,3,24,48,"Futbol"
17.2,7,6,1,2,3,40,48,"Futbol"
13.1,3,1,1,3,1,55,50,"Futbol"
14.7,3,6,1,2,3,50,50,"Futbol"
16.5,5,2,1,0,3,30,19,"Futbol"
13.8,4,2,0,2,5,23,29,"Basketball"
14.7,4,6,1,2,3,46,32,"Futbol"
13.8,5,1,1,2,3,50,56,"Futbol"
18.0,4,2,1,0,3,38,6,"Voleibol"
15.6,1,6,0,3,5,18,54,"Rugby"
14.4,4,1,0,1,3,32,29,"Futbol"
18.4,1,1,1,3,5,24,72,"Rugby"
18.3,3,6,1,3,0,21,32,"Rugby"
17.6,3,5,1,0,3,35,37,"Futbol"
18.8,3,2,0,3,5,21,35,"Rugby"
13.3,0,1,1,3,5,19,55,"Rugby"
18.6,6,2,1,0,3,47,32,"Futbol"
15.6,1,0,1,0,5,45,4,"Voleibol"
18.7,3,4,0,3,5,20,8,"Rugby"
16.3,5,1,1,3,1,48,28,"Futbol"
17.7,4,1,1,0,5,22,55,"Basketball"
14.6,4,4,0,2,5,44,11,"Futbol"
17.8,3,1,1,2,5,29,29,"Rugby"
13.9,4,4,1,0,5,21,29,"Voleibol"
16.7,3,1,1,0,5,28,59,"Basketball"
18.0,3,1,0,3,1,35,45,"Rugby"
14.6,3,1,0,3,5,19,12,"Rugby"
15.8,4,2,1,2,5,65,40,"Futbol"
14.9,5,2,0,3,3,56,8,"Futbol"
13.7,5,1,0,1,3,42,50,"Futbol"
19.0,3,2,1,3,5,19,4,"Rugby"
14.7,1,2,1,3,5,17,29,"Rugby"
16.9,1,1,0,2,3,38,54,"Rugby"
15.7,3,1,1,2,3,56,4,"Futbol"
18.2,4,1,0,2,3,27,48,"Rugby"
16.6,5,2,1,2,3,51,0,"Futbol"
13.3,4,1,0,0,5,24,29,"Voleibol"
15.8,3,1,1,1,3,44,45,"Futbol"
16.6,5,1,0,3,1,43,28,"Futbol"
17.2,3,1,1,1,3,72,4,"Futbol"
18.8,3,2,0,3,5,30,4,"Rugby"
13.7,4,2,0,0,5,33,30,"Voleibol"
17.2,4,1,1,2,5,51,7,"Futbol"
14.3,4,1,0,2,3,42,103,"Basketball"
17.6,3,1,1,0,3,47,32,"Futbol"
13.3,3,1,1,3,5,19,43,"Rugby"
14.0,4,6,0,2,6,47,14,"Futbol"
15.7,3,1,0,3,5,21,30,"Rugby"
16.0,4,1,0,2,5,50,50,"Basketball"
18.4,4,1,0,2,5,24,20,"Rugby"
17.8,4,1,0,2,5,22,19,"Rugby"
15.6,4,1,1,2,3,49,54,"Futbol"
17.7,4,1,1,0,3,42,43,"Futbol"
18.2,4,1,1,2,4,35,45,"Futbol"
15.7,3,5,1,0,1,39,7,"Futbol"
18.1,3,1,0,2,3,55,7,"Futbol"
18.2,7,2,0,0,5,21,45,"Basketball"
14.4,4,1,1,0,4,35,37,"Voleibol"
18.0,4,2,1,3,3,35,54,"Rugby"
17.2,2,3,1,2,3,40,19,"Futbol"
16.2,3,2,1,0,3,36,43,"Futbol"
13.2,3,1,1,1,5,41,16,"Voleibol"
14.1,3,2,1,1,3,28,29,"Futbol"
17.2,5,5,1,1,5,41,90,"Basketball"
18.0,4,1,1,2,3,45,63,"Futbol"
17.4,3,5,1,0,5,27,4,"Voleibol"
17.8,3,4,1,0,5,37,28,"Voleibol"
15.6,4,1,1,0,3,23,2,"Voleibol"
17.1,4,1,1,3,3,51,40,"Futbol"
16.4,3,5,1,0,5,20,63,"Basketball"
17.7,1,2,1,1,3,44,4,"Futbol"
17.9,4,1,0,0,3,31,30,"Futbol"
16.5,2,1,1,2,3,80,45,"Futbol"
15.2,3,2,0,2,3,35,54,"Futbol"
16.4,4,2,1,1,3,39,5,"Futbol"
15.1,3,1,0,0,3,54,32,"Futbol"
15.0,5,5,1,2,5,25,29,"Futbol"
18.1,5,1,1,0,5,24,50,"Basketball"
16.3,4,1,1,0,5,27,21,"Voleibol"
13.8,4,1,0,3,3,40,55,"Futbol"
13.4,1,0,1,1,3,39,40,"Futbol"
15.9,4,1,1,2,5,21,29,"Rugby"
16.4,3,1,1,0,3,55,6,"Voleibol"
16.2,5,5,0,2,5,27,55,"Basketball"
15.6,1,2,1,1,1,37,75,"Futbol"
18.7,1,1,0,3,5,18,13,"Rugby"
16.3,4,1,1,0,3,36,30,"Futbol"
15.4,7,1,0,2,1,39,12,"Futbol"
14.9,5,2,1,3,3,25,20,"Futbol"
14.2,5,1,1,1,3,30,102,"Basketball"
14.9,4,1,0,2,5,24,4,"Futbol"
17.1,4,1,0,2,3,69,3,"Futbol"
16.5,4,1,0,1,1,63,7,"Futbol"
15.7,4,1,0,2,5,38,55,"Basketball"
17.1,3,2,1,3,5,19,18,"Rugby"
18.5,4,1,1,1,5,49,4,"Voleibol"
13.5,3,0,1,3,5,19,72,"Basketball"
16.0,3,2,1,2,5,46,7,"Futbol"
15.1,3,1,1,0,5,27,4,"Voleibol"
15.6,3,1,0,3,5,20,50,"Rugby"
15.7,5,2,1,1,3,46,11,"Futbol"
14.0,3,1,1,2,3,37,2,"Futbol"
17.0,4,3,1,0,5,26,48,"Basketball"
16.7,3,6,0,1,3,47,9,"Futbol"
18.7,4,2,1,0,5,33,48,"Voleibol"
18.6,4,2,1,2,5,25,30,"Rugby"
17.7,5,2,1,2,3,33,14,"Futbol"
16.7,6,3,1,3,3,30,20,"Futbol"
14.6,4,1,0,2,5,32,43,"Basketball"
15.8,4,1,0,2,5,39,29,"Futbol"
15.4,4,2,0,2,5,26,32,"Basketball"
16.5,3,2,0,1,4,30,54,"Basketball"
13.7,3,1,0,3,5,18,12,"Rugby"
13.1,4,2,1,2,3,27,48,"Futbol"
17.7,2,3,1,2,3,35,6,"Futbol"
16.1,3,1,1,2,5,28,25,"Futbol"
16.6,5,0,1,2,5,26,21,"Futbol"
18.1,5,1,1,3,5,26,8,"Rugby"
16.6,1,4,1,3,5,18,11,"Rugby"
17.7,4,1,0,2,5,41,2,"Futbol"
13.7,5,5,1,2,3,44,101,"Futbol"
13.5,4,1,0,0,5,34,40,"Voleibol"
16.4,4,1,1,0,5,32,54,"Basketball"
14.0,3,1,0,2,3,53,7,"Futbol"
15.3,3,1,1,2,3,47,59,"Futbol"
17.1,1,6,1,2,5,20,1,"Rugby"
14.5,3,1,0,0,3,38,21,"Voleibol"
17.5,5,2,1,0,3,31,55,"Futbol"
17.3,3,1,1,0,3,39,4,"Voleibol"
14.9,3,2,1,3,5,18,21,"Rugby"
15.5,3,2,0,3,5,21,45,"Rugby"
14.3,4,4,1,1,5,46,40,"Futbol"
18.1,4,1,0,0,5,21,19,"Voleibol"
15.0,4,6,0,2,5,25,48,"Basketball"
15.9,3,1,0,3,3,22,30,"Rugby"
14.4,3,2,0,3,5,21,35,"Rugby"
16.0,4,4,1,2,0,25,28,"Futbol"
17.6,5,1,1,1,3,43,28,"Futbol"
17.1,5,1,0,3,3,39,0,"Futbol"
16.9,3,6,1,0,3,48,50,"Futbol"
18.2,3,3,0,3,5,19,24,"Rugby"
16.5,4,2,1,0,5,24,4,"Voleibol"
16.0,3,1,1,0,5,20,8,"Voleibol"
15.1,4,5,1,0,3,27,48,"Futbol"
15.7,1,1,1,2,1,38,40,"Futbol"
14.2,4,1,1,2,5,22,29,"Futbol"
13.7,1,2,0,3,5,17,23,"Rugby"
17.4,4,4,0,2,3,23,11,"Rugby"
16.6,4,1,0,3,3,24,7,"Rugby"
17.5,5,3,0,3,3,43,21,"Futbol"
17.4,4,1,0,0,3,55,21,"Futbol"
13.2,3,2,0,3,5,21,11,"Rugby"
13.5,3,1,0,2,3,49,4,"Futbol"
13.7,0,1,1,3,5,16,37,"Rugby"
18.9,4,6,1,3,5,58,39,"Futbol"
16.4,3,2,0,2,5,23,4,"Rugby"
18.2,4,1,1,2,5,33,35,"Futbol"
13.3,5,2,1,2,3,46,18,"Futbol"
14.6,5,1,0,0,3,45,35,"Futbol"
17.4,3,1,0,0,3,38,40,"Futbol"
17.0,3,2,1,0,3,32,19,"Voleibol"
13.5,7,1,0,2,4,45,7,"Futbol"
16.9,3,5,0,3,5,20,21,"Rugby"
17.4,6,2,1,3,5,33,55,"Basketball"
18.7,3,1,1,1,3,47,7,"Futbol"
15.8,2,1,0,2,5,35,19,"Rugby"
17.0,5,2,0,2,5,26,29,"Basketball"
15.9,5,2,1,0,3,31,8,"Futbol"
13.2,4,2,1,0,3,38,4,"Voleibol"
13.5,3,2,1,3,5,21,35,"Rugby"
14.6,4,1,0,2,3,28,37,"Futbol"
14.1,4,4,0,1,3,32,4,"Futbol"
14.4,3,2,1,2,3,45,29,"Futbol"
14.4,3,1,0,1,3,30,5,"Futbol"
13.5,4,1,0,2,5,41,48,"Basketball"
14.1,4,1,1,1,3,50,29,"Futbol"
13.7,3,2,1,0,5,25,77,"Basketball"
13.7,3,2,1,1,1,47,4,"Futbol"
15.5,7,1,0,0,1,31,4,"Futbol"
14.6,5,1,1,0,3,31,59,"Futbol"
16.8,1,1,1,2,1,57,35,"Futbol"
18.9,5,1,1,0,3,32,12,"Voleibol"
16.6,3,1,1,1,3,47,10,"Futbol"
16.6,4,6,1,1,3,57,0,"Futbol"
15.2,4,6,0,2,4,50,40,"Futbol"
14.6,4,1,1,1,3,54,44,"Futbol"
14.0,4,2,1,0,5,25,4,"Voleibol"
16.2,7,2,0,2,3,49,21,"Futbol"
17.1,5,2,0,2,1,55,39,"Futbol"
15.7,4,2,1,0,3,29,8,"Voleibol"
13.2,4,1,1,0,4,46,7,"Voleibol"
14.6,4,2,0,0,1,39,11,"Futbol"
15.5,6,2,1,0,3,49,53,"Futbol"
14.1,3,1,1,1,3,32,30,"Futbol"
13.1,3,1,1,3,3,36,8,"Futbol"
13.1,4,2,1,3,5,23,7,"Futbol"
18.5,1,2,1,3,5,15,29,"Rugby"
14.0,5,1,1,1,1,35,29,"Futbol"
17.6,4,1,0,3,5,23,0,"Rugby"
16.1,4,3,1,0,5,24,70,"Basketball"
15.7,4,2,0,3,5,26,34,"Rugby"
13.3,3,1,0,2,1,50,7,"Futbol"
13.7,4,1,1,0,3,56,25,"Futbol"
14.1,1,6,1,3,5,19,50,"Rugby"
18.1,2,1,1,2,3,36,21,"Futbol"
15.9,5,1,1,1,3,51,7,"Futbol"
17.1,5,2,0,3,3,27,29,"Rugby"
17.2,3,1,1,3,5,29,10,"Rugby"
17.7,4,1,0,3,5,23,29,"Rugby"
13.3,5,3,1,2,5,29,29,"Futbol"
16.1,4,4,1,2,3,35,40,"Futbol"
16.8,4,2,0,0,3,33,29,"Futbol"
13.5,3,1,1,1,3,48,40,"Futbol"
13.1,5,1,0,2,3,50,4,"Futbol"
13.6,4,1,0,3,3,56,7,"Futbol"
13.2,4,2,1,1,5,37,20,"Voleibol"
15.4,6,1,1,3,3,53,20,"Futbol"
18.4,5,2,1,2,3,41,8,"Futbol"
14.4,4,1,0,0,3,27,21,"Futbol"
15.9,3,2,0,3,5,22,0,"Rugby"
13.8,2,0,1,2,3,30,56,"Futbol"
18.2,7,1,1,2,3,43,73,"Futbol"
13.5,4,2,1,2,5,51,4,"Futbol"
13.2,1,1,1,1,3,33,45,"Futbol"
13.3,1,1,1,0,5,28,4,"Voleibol"
17.3,5,5,0,2,5,30,55,"Basketball"
15.3,6,1,0,3,3,55,35,"Futbol"
17.3,6,0,1,1,3,41,43,"Futbol"
16.6,2,1,0,3,3,45,50,"Rugby"
14.8,4,1,1,2,3,45,50,"Futbol"
17.7,4,1,1,3,5,22,29,"Rugby"
18.3,3,5,0,0,6,56,32,"Voleibol"
15.5,1,1,1,0,5,20,56,"Basketball"
15.5,4,3,1,3,5,23,23,"Rugby"
18.9,3,2,0,1,3,61,8,"Futbol"
13.1,6,3,1,1,3,39,55,"Futbol"
16.4,1,1,0,2,3,49,7,"Futbol"
16.4,4,1,1,3,5,24,39,"Rugby"
14.2,4,1,1,2,5,38,23,"Futbol"
14.1,3,6,1,0,5,31,55,"Basketball"
13.8,5,1,1,1,3,27,40,"Futbol"
18.3,4,1,1,0,3,32,30,"Futbol"
17.6,3,1,0,1,6,50,29,"Voleibol"
18.4,5,1,1,3,5,51,44,"Futbol"
13.7,3,1,1,3,5,21,35,"Rugby"
15.8,3,6,1,3,5,24,72,"Rugby"
16.8,5,6,0,3,3,51,32,"Futbol"
14.4,5,2,1,2,1,32,40,"Futbol"
13.2,2,2,1,2,1,56,2,"Futbol"
15.8,4,4,0,2,5,23,18,"Rugby"
16.6,3,1,1,2,3,56,4,"Futbol"
14.6,3,2,1,3,5,18,20,"Rugby"
17.1,4,1,1,2,1,56,8,"Futbol"
15.0,7,4,0,2,4,38,28,"Futbol"
13.4,3,2,0,3,5,19,21,"Rugby"
16.8,4,1,1,0,3,62,29,"Futbol"
16.2,4,1,0,0,3,40,43,"Futbol"
13.8,4,1,0,1,5,41,39,"Futbol"
18.3,4,2,1,0,5,24,12,"Voleibol"
17.6,1,2,1,3,5,21,54,"Rugby"
15.9,3,6,1,2,5,35,35,"Futbol"
18.4,5,1,1,0,3,42,18,"Futbol"
13.5,5,5,0,0,0,38,7,"Futbol"
13.3,2,1,0,2,0,50,14,"Futbol"
13.2,3,2,1,3,5,19,39,"Rugby"
13.3,3,1,1,0,5,21,4,"Voleibol"
17.4,4,1,0,3,6,42,32,"Basketball"
14.9,4,1,1,0,5,24,4,"Voleibol"
14.1,3,1,1,3,1,46,40,"Futbol"
17.6,3,0,0,2,3,34,17,"Rugby"
17.9,3,4,1,0,5,21,4,"Voleibol"
17.4,5,1,1,1,3,35,4,"Futbol"
15.6,5,1,1,0,3,28,72,"Basketball"
15.0,4,1,1,3,5,24,59,"Rugby"
18.3,7,1,1,2,5,23,29,"Futbol"
17.6,7,2,1,2,3,30,16,"Futbol"
14.7,4,1,1,3,5,39,13,"Futbol"
13.7,4,3,1,3,1,25,8,"Futbol"
14.1,5,5,0,0,5,34,48,"Basketball"
17.8,4,1,1,2,1,62,28,"Futbol"
16.2,4,2,1,1,5,26,4,"Voleibol"
17.4,3,6,1,3,5,18,55,"Rugby"
17.7,4,1,1,0,1,32,35,"Futbol"
15.2,5,3,0,3,5,23,12,"Rugby"
13.0,5,2,1,0,3,49,80,"Futbol"
16.6,4,2,0,2,5,39,8,"Futbol"
16.5,1,1,1,2,5,24,5,"Rugby"
15.4,1,3,1,3,5,21,89,"Rugby"
18.8,2,1,1,0,5,24,29,"Voleibol"
18.3,3,1,1,1,3,53,40,"Futbol"
15.8,3,6,0,3,1,35,17,"Futbol"
14.1,3,4,0,0,5,30,4,"Voleibol"
17.1,3,2,1,0,5,38,4,"Voleibol"
14.7,4,2,1,2,5,22,11,"Futbol"
17.2,4,2,1,0,5,25,6,"Voleibol"
18.0,1,1,1,1,5,28,37,"Rugby"
15.4,1,4,1,2,5,21,61,"Rugby"
14.1,4,2,1,2,5,29,4,"Futbol"
14.0,3,1,0,2,5,32,18,"Futbol"
14.8,7,0,1,2,3,44,0,"Futbol"
15.5,4,1,1,2,3,26,50,"Futbol"
17.9,7,2,0,1,1,27,7,"Futbol"
16.6,1,1,0,3,5,18,54,"Rugby"
14.4,5,2,1,3,3,28,29,"Futbol"
13.8,3,1,1,2,3,48,29,"Futbol"
15.8,5,1,1,2,3,33,4,"Futbol"
14.7,7,6,1,2,3,28,48,"Futbol"
16.5,4,1,1,1,3,44,8,"Futbol"
15.5,2,1,1,2,3,47,38,"Futbol"
14.1,7,5,0,1,1,38,25,"Futbol"
14.4,4,1,0,2,5,24,45,"Basketball"
17.0,7,2,1,1,5,27,11,"Voleibol"
18.9,3,1,0,0,4,46,28,"Voleibol"
14.3,3,1,1,1,3,50,2,"Futbol"
14.9,3,2,0,1,5,23,55,"Basketball"
15.1,4,4,1,2,3,36,8,"Futbol"
17.9,3,2,1,3,3,24,12,"Rugby"
13.9,3,6,1,2,3,35,40,"Futbol"
14.2,2,1,1,1,3,37,18,"Futbol"
13.3,6,2,1,2,3,34,39,"Futbol"
17.3,4,1,1,2,1,48,4,"Futbol"
13.4,4,2,1,0,3,31,20,"Futbol"
18.3,5,1,1,0,3,50,43,"Futbol"
17.3,3,1,1,2,3,54,40,"Futbol"
18.3,4,1,0,0,3,40,0,"Voleibol"
18.8,6,3,1,0,5,50,44,"Voleibol"
15.4,4,2,1,2,5,24,29,"Futbol"
15.3,5,1,1,3,0,26,35,"Futbol"
14.0,4,1,1,2,3,33,23,"Futbol"
15.2,4,2,1,0,3,31,40,"Futbol"
18.5,3,3,1,0,5,27,48,"Basketball"
13.9,3,1,1,2,3,33,16,"Futbol"
16.7,1,1,1,3,5,19,59,"Rugby"
17.7,5,1,0,0,3,34,86,"Basketball"
13.1,4,5,1,1,3,55,27,"Futbol"
15.4,3,1,0,3,5,23,50,"Rugby"
16.4,4,1,0,1,3,37,0,"Futbol"
18.2,1,1,1,3,5,18,8,"Rugby"
13.6,3,5,0,3,5,18,5,"Rugby"
16.5,3,1,1,3,3,25,4,"Rugby"
19.0,7,4,1,1,4,26,33,"Futbol"
13.5,5,1,1,3,3,56,89,"Futbol"
16.7,1,2,0,2,1,35,23,"Rugby"
13.5,4,1,0,1,0,41,29,"Futbol"
13.5,4,2,0,0,5,50,4,"Voleibol"
19.0,4,2,1,0,5,25,4,"Voleibol"
13.8,3,1,0,3,3,39,1,"Futbol"
16.0,2,1,0,2,3,43,40,"Futbol"
16.0,4,1,1,2,1,61,7,"Futbol"
16.1,5,1,1,0,3,28,20,"Futbol"
16.4,4,1,0,0,3,24,48,"Basketball"
18.6,1,6,0,3,5,18,45,"Rugby"
17.9,5,2,1,0,3,30,8,"Voleibol"
13.3,4,6,1,1,1,74,29,"Futbol"
14.1,4,1,1,1,1,46,45,"Futbol"
14.0,5,6,1,1,3,49,72,"Futbol"
14.0,4,6,1,2,5,34,20,"Futbol"
18.7,5,0,1,0,1,43,72,"Futbol"
18.8,4,1,1,1,3,28,3,"Futbol"
14.5,4,1,1,0,3,33,32,"Futbol"
16.0,1,1,1,2,1,44,8,"Futbol"
15.8,1,1,0,0,3,46,27,"Voleibol"
18.7,3,1,0,3,5,17,34,"Rugby"
15.4,5,1,1,3,3,35,104,"Basketball"
18.8,4,1,0,1,6,55,44,"Basketball"
17.0,3,1,1,2,3,28,4,"Futbol"
15.4,4,6,1,2,3,44,54,"Futbol"
18.3,3,1,0,2,3,48,35,"Futbol"
13.7,3,1,0,3,5,24,23,"Rugby"
15.8,7,1,1,0,3,28,21,"Futbol"
18.7,7,1,1,2,1,33,5,"Futbol"
15.4,4,2,0,3,6,52,40,"Futbol"
15.8,4,5,1,2,5,32,4,"Futbol"
16.4,3,1,1,3,5,22,87,"Rugby"
16.7,5,4,0,2,5,24,7,"Futbol"
15.0,3,1,0,0,3,39,15,"Voleibol"
13.2,3,1,0,0,4,27,7,"Voleibol"
16.0,1,4,1,3,5,20,5,"Rugby"
16.0,4,1,1,2,3,47,2,"Futbol"
18.4,1,1,1,3,5,17,54,"Rugby"
16.6,5,2,0,2,3,46,19,"Futbol"
18.7,3,2,1,3,5,21,66,"Rugby"
15.6,3,6,0,2,0,30,13,"Futbol"
15.7,4,5,0,3,3,46,6,"Futbol"
14.3,1,6,0,2,5,22,54,"Basketball"
17.7,3,0,1,0,3,34,50,"Futbol"
16.2,1,2,1,0,3,36,32,"Voleibol"
15.8,3,1,1,0,3,43,56,"Futbol"
15.1,5,1,1,2,3,54,39,"Futbol"
17.2,1,3,1,3,5,22,59,"Rugby"
17.1,5,2,1,0,5,23,29,"Voleibol"
13.0,4,1,0,2,5,27,15,"Futbol"
18.9,5,1,0,2,3,27,40,"Rugby"
13.1,4,1,1,0,3,38,23,"Futbol"
16.5,4,1,0,2,5,26,19,"Rugby"
13.3,3,2,1,3,5,19,11,"Rugby"
17.0,3,2,1,3,5,19,12,"Rugby"
13.0,6,1,1,3,3,35,56,"Futbol"
18.1,4,2,1,0,3,38,51,"Futbol"
16.3,2,1,1,2,3,34,6,"Futbol"
14.7,5,2,1,1,3,33,58,"Futbol"
14.2,4,1,1,1,5,34,18,"Voleibol"
14.2,3,1,1,1,3,33,5,"Futbol"
16.2,4,4,1,0,3,35,51,"Futbol"
16.6,3,4,1,0,3,36,8,"Futbol"
16.9,1,1,1,3,5,22,21,"Rugby"
15.2,5,4,1,2,3,40,40,"Futbol"
18.1,4,2,0,1,3,25,100,"Basketball"
16.1,4,1,0,3,5,28,50,"Rugby"
16.3,4,2,1,2,3,42,42,"Futbol"
17.8,5,1,1,2,5,32,35,"Futbol"
17.2,5,5,1,3,5,35,43,"Futbol"
18.7,7,1,1,2,5,40,37,"Futbol"
15.5,1,1,1,2,3,33,2,"Futbol"
14.0,3,1,1,0,3,46,29,"Futbol"
15.4,1,2,1,0,3,26,15,"Voleibol"
15.3,5,1,0,3,0,28,12,"Futbol"
16.5,3,1,0,2,3,32,34,"Rugby"
15.6,3,4,1,0,5,21,80,"Basketball"
18.8,2,0,1,2,1,57,47,"Futbol"
16.5,5,1,1,2,3,42,5,"Futbol"
13.4,3,1,1,0,5,18,2,"Voleibol"
15.8,4,1,1,3,3,26,18,"Futbol"
17.3,3,6,0,3,5,18,35,"Rugby"
18.5,6,4,1,0,3,34,11,"Futbol"
18.1,3,1,0,3,3,48,4,"Futbol"
13.3,4,5,1,2,1,69,4,"Futbol"
17.7,4,2,0,0,3,28,4,"Voleibol"
16.9,4,1,0,0,1,40,4,"Futbol"
16.3,4,5,1,1,1,52,7,"Futbol"
14.3,4,1,0,0,3,33,55,"Futbol"
13.1,5,2,0,2,5,28,21,"Futbol"
18.3,1,1,0,3,5,19,50,"Rugby"
18.0,3,1,1,2,3,48,8,"Futbol"
17.4,4,4,0,2,1,36,40,"Futbol"
14.6,5,2,1,0,3,47,45,"Futbol"
16.4,7,2,1,0,3,41,8,"Futbol"
15.6,3,2,1,0,3,38,4,"Voleibol"
16.9,4,1,1,0,5,29,47,"Voleibol"
16.7,7,1,0,1,1,46,0,"Futbol"
16.2,3,2,0,1,5,27,54,"Basketball"
14.9,3,1,1,0,3,40,39,"Futbol"
16.6,7,1,0,2,1,45,29,"Futbol"
18.6,2,2,0,2,5,27,61,"Rugby"
14.3,1,1,1,3,5,18,40,"Rugby"
17.0,5,1,1,0,3,55,35,"Futbol"
14.2,1,2,0,3,5,19,19,"Rugby"
15.5,5,1,0,2,5,27,64,"Basketball"
13.7,3,1,1,3,5,21,54,"Rugby"
18.9,3,6,0,3,5,22,18,"Rugby"
13.5,4,2,1,0,4,35,54,"Futbol"
15.6,5,2,1,3,1,47,0,"Futbol"
14.3,3,6,1,2,3,37,17,"Futbol"
16.9,3,1,0,0,1,43,18,"Futbol"
14.7,4,2,1,0,1,37,40,"Futbol"
17.9,5,2,0,3,5,30,75,"Basketball"
15.1,4,1,1,0,5,38,8,"Voleibol"
18.9,5,4,0,0,3,29,43,"Futbol"
17.5,7,1,1,0,3,39,17,"Futbol"
18.4,5,1,1,3,5,25,29,"Rugby"
15.1,4,1,1,0,3,31,29,"Futbol"
16.1,3,2,1,0,5,39,20,"Voleibol"
18.9,4,4,1,0,5,35,4,"Voleibol"
18.8,6,1,1,0,3,45,4,"Voleibol"
17.9,1,2,0,2,1,37,7,"Rugby"
13.6,3,2,1,3,5,22,50,"Rugby"
14.0,5,2,1,1,3,33,29,"Futbol"
14.7,4,3,1,3,5,26,24,"Futbol"
18.0,3,1,1,2,1,39,29,"Futbol"
15.1,3,1,0,3,3,32,33,"Rugby"
16.5,5,1,0,0,3,35,40,"Futbol"
16.2,5,1,1,0,3,42,87,"Basketball"
16.3,3,1,0,3,5,42,4,"Futbol"
18.5,4,1,1,3,3,39,54,"Rugby"
18.3,4,1,1,2,3,42,8,"Futbol"
17.3,1,2,1,3,5,22,45,"Rugby"
18.3,4,3,1,0,5,24,93,"Basketball"
16.3,4,1,0,0,1,49,4,"Futbol"
18.3,3,1,0,3,5,19,55,"Rugby"
15.3,2,1,1,2,3,44,31,"Futbol"
15.4,4,6,1,0,5,31,28,"Voleibol"
14.7,4,1,1,0,3,33,30,"Futbol"
15.5,1,2,0,3,5,15,8,"Rugby"
16.7,2,2,1,3,1,50,7,"Futbol"
18.2,3,2,0,3,5,21,4,"Rugby"
15.8,1,6,1,2,1,37,58,"Futbol"
13.3,2,1,1,2,3,24,5,"Futbol"
15.4,5,2,1,0,5,23,40,"Voleibol"
17.1,7,1,1,0,3,53,12,"Futbol"
17.9,3,1,0,0,5,22,4,"Voleibol"
16.3,5,1,1,2,3,35,27,"Futbol"
14.6,3,2,0,3,5,19,35,"Rugby"
14.9,4,1,0,0,6,60,40,"Voleibol"
14.5,4,1,1,0,3,42,40,"Futbol"
15.9,2,3,1,2,5,34,4,"Futbol"
17.1,3,6,1,0,3,30,34,"Futbol"
14.9,2,1,1,2,3,45,7,"Futbol"
15.6,1,1,0,3,5,17,19,"Rugby"
16.7,3,1,0,3,5,19,28,"Rugby"
16.1,6,1,1,3,3,46,50,"Futbol"
13.2,3,5,1,3,5,18,21,"Futbol"
16.5,7,1,1,1,3,36,29,"Futbol"
14.7,4,2,1,2,3,28,48,"Futbol"
14.0,7,1,0,2,5,47,30,"Futbol"
13.0,3,0,1,3,5,25,39,"Rugby"
16.9,4,2,1,0,3,25,43,"Futbol"
18.6,3,2,1,3,1,26,25,"Rugby"
13.4,3,1,1,0,3,63,22,"Futbol"
17.7,4,1,1,0,5,23,11,"Voleibol"
17.9,4,1,1,0,3,33,19,"Voleibol"
16.7,5,2,1,2,3,32,4,"Futbol"
13.5,7,1,0,2,3,33,33,"Futbol"
15.5,3,2,0,3,5,22,20,"Rugby"
13.4,4,1,0,2,5,41,6,"Futbol"
17.3,1,1,1,3,5,23,72,"Rugby"
15.6,3,1,1,3,5,43,103,"Basketball"
18.6,3,1,0,3,5,19,41,"Rugby"
16.7,4,1,0,1,1,41,43,"Futbol"
17.6,4,4,1,0,5,25,28,"Voleibol"
18.9,3,1,1,0,6,22,29,"Voleibol"
15.0,4,6,1,0,5,23,54,"Basketball"
14.4,3,5,1,1,3,24,15,"Futbol"
17.5,3,1,1,1,5,25,40,"Basketball"
17.4,3,0,0,1,3,43,7,"Futbol"
16.6,5,2,0,2,3,30,55,"Rugby"
13.6,4,1,1,1,5,46,63,"Futbol"
17.5,3,2,1,3,5,18,30,"Rugby"
16.8,4,2,0,0,3,40,4,"Voleibol"
18.3,4,5,1,1,3,39,43,"Futbol"
14.7,7,1,1,2,3,34,8,"Futbol"
16.2,4,2,1,2,3,57,32,"Futbol"
16.9,5,6,1,1,3,40,55,"Futbol"
18.2,3,2,1,3,5,24,13,"Rugby"
16.0,1,3,0,0,3,25,11,"Voleibol"
17.1,4,1,1,0,5,27,56,"Basketball"
16.8,4,1,1,0,3,26,32,"Futbol"
14.9,3,4,0,3,5,19,35,"Rugby"
15.2,5,3,0,3,5,27,11,"Futbol"
18.1,3,1,0,0,5,35,18,"Voleibol"
18.6,3,4,1,0,5,24,7,"Voleibol"
15.0,3,1,0,2,3,46,50,"Futbol"
19.0,4,1,0,2,5,21,47,"Rugby"
15.3,1,2,1,2,3,62,70,"Futbol"
13.1,4,1,1,3,5,22,29,"Futbol"
17.0,4,1,1,1,3,47,32,"Futbol"
14.4,4,4,1,1,5,27,99,"Basketball"
17.0,5,6,0,0,3,36,84,"Basketball"
18.7,1,1,0,3,3,18,44,"Rugby"
14.9,4,2,0,2,1,38,40,"Futbol"
15.1,3,2,1,3,5,24,7,"Rugby"
16.9,4,1,1,0,3,36,8,"Voleibol"
16.7,2,1,1,2,1,50,8,"Futbol"
17.9,5,2,0,3,3,39,39,"Futbol"
17.3,4,1,0,2,3,29,8,"Futbol"
17.4,3,0,1,2,1,52,4,"Futbol"
15.1,3,2,1,0,3,31,4,"Voleibol"
16.0,4,5,1,0,5,40,40,"Voleibol"
13.9,7,5,0,2,3,52,40,"Futbol"
14.9,4,5,1,0,3,51,34,"Futbol"
15.9,5,0,1,1,3,38,32,"Futbol"
18.7,4,2,1,1,3,35,40,"Futbol"
16.7,3,2,0,3,5,24,50,"Rugby"
18.6,1,1,0,3,5,18,28,"Rugby"
13.3,1,3,0,3,5,15,54,"Rugby"
17.4,6,6,1,2,5,37,72,"Basketball"
14.7,4,2,1,3,5,23,8,"Futbol"
17.1,1,1,0,0,5,43,45,"Basketball"
17.3,4,2,0,0,0,35,19,"Futbol"
16.8,7,1,1,1,3,60,4,"Futbol"
15.0,1,2,1,3,5,20,55,"Rugby"
15.8,3,1,1,3,5,21,40,"Rugby"
13.1,4,6,0,3,3,23,16,"Futbol"
18.6,3,2,1,2,5,22,3,"Rugby"
14.0,5,0,0,1,5,47,59,"Basketball"
15.9,4,1,0,0,3,51,29,"Futbol"
17.6,2,1,1,1,4,27,29,"Rugby"
18.3,4,1,0,0,5,36,4,"Voleibol"
13.2,3,6,0,3,5,21,48,"Basketball"
14.9,4,6,0,2,1,46,43,"Futbol"
17.5,3,2,0,3,1,27,40,"Rugby"
17.2,5,3,1,1,5,36,19,"Futbol"
17.9,5,1,0,2,0,33,4,"Futbol"
14.5,5,4,0,0,3,49,15,"Futbol"
18.7,3,4,0,0,5,20,54,"Basketball"
13.8,5,6,1,1,6,52,15,"Futbol"
