ID,Sexo,Edad,EstadoCivil,ActividadWebsite,MiroElectronicos12,ComproElectronicos12,ComproMedios18,ComproLibrosDigitales,MetodoPago,AdopcionEReader
9552,M,61,C,Escasa,Si,Si,Si,No,Transferencia,MayoriaTardia
6757,M,27,C,Regular,Si,No,Si,No,Transferencia,Innovador
3599,F,29,C,Escasa,Si,Si,Si,Si,Transferencia,AdoptanteTemprano
6811,M,49,C,Escasa,Si,Si,Si,Si,CuentaWebsite,AdoptanteTemprano
4104,M,29,S,Escasa,Si,Si,Si,No,CuentaWebsite,MayoriaTardia
7226,M,60,S,Escasa,No,Si,Si,Si,TarjetaCredito,MayoriaTemprana
7814,F,53,S,Regular,Si,No,Si,Si,Transferencia,AdoptanteTemprano
4693,F,63,S,Escasa,Si,Si,Si,No,Transferencia,MayoriaTardia
7266,M,46,C,Regular,Si,Si,Si,Si,DebitoMensual,Innovador
5259,F,25,S,Escasa,Si,Si,Si,No,CuentaWebsite,MayoriaTemprana
7417,F,40,C,Regular,Si,Si,No,Si,CuentaWebsite,Innovador
6795,M,29,S,Escasa,Si,Si,Si,Si,TarjetaCredito,AdoptanteTemprano
8669,F,49,S,Escasa,Si,Si,Si,No,DebitoMensual,MayoriaTardia
9888,M,41,C,Regular,Si,Si,Si,Si,TarjetaCredito,Innovador
9181,F,47,S,Regular,Si,No,No,Si,Transferencia,Innovador
2792,F,43,C,Escasa,Si,Si,Si,No,Transferencia,MayoriaTardia
5174,M,63,C,Escasa,Si,Si,Si,Si,Transferencia,AdoptanteTemprano
8702,F,37,C,Regular,No,Si,Si,Si,DebitoMensual,AdoptanteTemprano
4318,M,32,S,Escasa,Si,Si,Si,No,TarjetaCredito,MayoriaTemprana
6091,M,48,C,Escasa,No,No,No,No,TarjetaCredito,MayoriaTardia
8380,F,57,C,Escasa,Si,No,Si,Si,DebitoMensual,AdoptanteTemprano
6892,M,36,C,Escasa,Si,Si,Si,No,Transferencia,MayoriaTemprana
7976,F,55,S,Escasa,Si,No,No,No,Transferencia,MayoriaTardia
7214,F,50,S,Escasa,Si,Si,Si,No,Transferencia,MayoriaTardia
3369,F,48,S,Escasa,Si,Si,No,No,CuentaWebsite,MayoriaTardia
1645,F,33,S,Regular,Si,Si,Si,Si,Transferencia,Innovador
2866,F,22,S,Escasa,Si,No,No,Si,Transferencia,AdoptanteTemprano
7014,F,21,C,Escasa,Si,Si,No,Si,Transferencia,AdoptanteTemprano
6177,M,49,C,Escasa,Si,No,Si,No,DebitoMensual,MayoriaTardia
6199,M,47,C,Escasa,Si,Si,Si,Si,DebitoMensual,AdoptanteTemprano
4787,M,21,C,Escasa,No,Si,Si,Si,Transferencia,AdoptanteTemprano
1720,F,48,C,Escasa,Si,No,Si,Si,TarjetaCredito,MayoriaTemprana
7763,F,55,S,Regular,Si,Si,Si,No,TarjetaCredito,MayoriaTemprana
7356,M,37,S,Escasa,Si,No,Si,No,TarjetaCredito,MayoriaTemprana
6916,M,36,C,Escasa,Si,No,No,No,CuentaWebsite,MayoriaTardia
2979,F,19,C,Escasa,No,No,Si,Si,Transferencia,Innovador
1328,M,22,S,Escasa,Si,No,No,No,CuentaWebsite,MayoriaTemprana
7817,M,45,S,Escasa,Si,Si,Si,No,CuentaWebsite,MayoriaTardia
4937,F,46,C,Regular,Si,No,Si,Si,Transferencia,Innovador
3879,F,44,C,Escasa,Si,Si,Si,No,Transferencia,MayoriaTardia
1757,F,55,C,Escasa,Si,No,Si,Si,DebitoMensual,AdoptanteTemprano
9651,M,31,C,Escasa,Si,No,Si,No,CuentaWebsite,MayoriaTardia
8096,F,18,S,Escasa,Si,No,Si,No,CuentaWebsite,MayoriaTemprana
5575,F,45,S,Escasa,No,Si,Si,No,Transferencia,MayoriaTardia
7793,F,23,C,Escasa,Si,No,Si,Si,Transferencia,Innovador
4423,F,62,S,Escasa,Si,No,Si,No,CuentaWebsite,MayoriaTardia
7117,F,46,C,Escasa,Si,No,Si,Si,Transferencia,AdoptanteTemprano
6974,M,62,C,Escasa,Si,Si,Si,No,CuentaWebsite,MayoriaTardia
5928,M,65,C,Escasa,Si,Si,No,No,Transferencia,MayoriaTardia
6415,F,25,C,Escasa,Si,No,Si,Si,DebitoMensual,AdoptanteTemprano
3505,M,48,S,Escasa,Si,Si,No,No,DebitoMensual,MayoriaTardia
5108,F,60,C,Frecuente,Si,Si,Si,Si,DebitoMensual,AdoptanteTemprano
9895,F,58,C,Frecuente,Si,No,Si,No,Transferencia,AdoptanteTemprano
2670,F,59,C,Regular,Si,Si,Si,Si,DebitoMensual,AdoptanteTemprano
8231,M,56,C,Escasa,Si,Si,Si,Si,Transferencia,AdoptanteTemprano
5429,M,36,C,Escasa,Si,Si,Si,No,CuentaWebsite,MayoriaTardia
8951,F,48,S,Escasa,No,No,Si,Si,Transferencia,MayoriaTemprana
7488,F,22,S,Escasa,Si,No,Si,No,Transferencia,MayoriaTemprana
3514,M,55,S,Regular,Si,No,Si,No,Transferencia,MayoriaTemprana
4303,F,18,S,Escasa,Si,Si,Si,Si,CuentaWebsite,Innovador
9547,F,63,C,Frecuente,Si,Si,Si,No,Transferencia,AdoptanteTemprano
5666,F,22,C,Regular,Si,Si,Si,No,CuentaWebsite,AdoptanteTemprano
3960,F,37,C,Regular,Si,No,Si,No,Transferencia,AdoptanteTemprano
4177,M,19,S,Regular,Si,No,Si,No,CuentaWebsite,AdoptanteTemprano
4838,F,53,S,Escasa,Si,No,Si,No,DebitoMensual,MayoriaTardia
9939,M,37,C,Regular,Si,No,No,No,CuentaWebsite,AdoptanteTemprano
2586,M,24,S,Escasa,Si,No,Si,No,Transferencia,MayoriaTemprana
7688,M,66,S,Regular,Si,Si,No,No,Transferencia,MayoriaTemprana
3243,M,45,C,Escasa,Si,No,Si,Si,Transferencia,AdoptanteTemprano
1153,M,17,S,Escasa,Si,No,Si,Si,CuentaWebsite,AdoptanteTemprano
1596,F,50,C,Frecuente,Si,No,Si,No,CuentaWebsite,AdoptanteTemprano
6775,F,50,C,Escasa,Si,Si,Si,No,Transferencia,MayoriaTardia
5524,M,23,C,Escasa,Si,No,Si,No,CuentaWebsite,MayoriaTemprana
9092,F,49,S,Escasa,Si,Si,Si,No,Transferencia,MayoriaTardia
4850,M,63,C,Regular,Si,Si,No,No,Transferencia,MayoriaTemprana
9058,F,17,C,Escasa,Si,No,Si,No,CuentaWebsite,MayoriaTemprana
4766,F,27,S,Escasa,Si,Si,Si,No,TarjetaCredito,MayoriaTemprana
3170,M,62,C,Escasa,Si,No,Si,No,CuentaWebsite,MayoriaTardia
1858,F,56,C,Regular,Si,Si,Si,No,TarjetaCredito,MayoriaTemprana
9327,M,27,S,Escasa,Si,No,Si,Si,DebitoMensual,AdoptanteTemprano
9252,M,48,C,Escasa,Si,Si,Si,No,TarjetaCredito,MayoriaTardia
5071,M,36,S,Escasa,No,No,Si,Si,Transferencia,MayoriaTemprana
7333,F,41,C,Regular,Si,Si,No,Si,CuentaWebsite,Innovador
8184,M,37,C,Regular,Si,Si,No,No,Transferencia,AdoptanteTemprano
4148,M,27,C,Escasa,No,Si,Si,No,CuentaWebsite,MayoriaTardia
8747,F,26,C,Regular,Si,No,Si,No,CuentaWebsite,AdoptanteTemprano
9201,F,41,C,Escasa,Si,No,Si,No,Transferencia,MayoriaTemprana
7500,F,44,C,Regular,No,No,Si,Si,CuentaWebsite,AdoptanteTemprano
8666,M,35,C,Escasa,Si,Si,Si,Si,CuentaWebsite,AdoptanteTemprano
6498,F,61,C,Escasa,Si,Si,Si,No,Transferencia,MayoriaTardia
6014,F,17,C,Escasa,Si,Si,Si,No,Transferencia,MayoriaTemprana
3377,F,19,S,Escasa,Si,No,Si,Si,CuentaWebsite,AdoptanteTemprano
7464,F,59,S,Escasa,Si,Si,Si,No,Transferencia,MayoriaTardia
8105,F,24,C,Regular,Si,No,Si,No,TarjetaCredito,Innovador
8524,M,31,C,Escasa,Si,Si,Si,Si,Transferencia,Innovador
8653,F,43,S,Escasa,Si,Si,No,Si,TarjetaCredito,AdoptanteTemprano
2428,M,38,C,Escasa,Si,No,Si,No,TarjetaCredito,MayoriaTemprana
4150,M,59,C,Escasa,Si,No,Si,No,CuentaWebsite,MayoriaTardia
1798,M,36,S,Regular,Si,No,Si,Si,Transferencia,Innovador
6210,M,39,C,Escasa,Si,No,Si,Si,Transferencia,AdoptanteTemprano
5223,M,41,S,Escasa,Si,Si,Si,No,Transferencia,MayoriaTemprana
4592,F,62,C,Regular,Si,Si,Si,Si,TarjetaCredito,AdoptanteTemprano
2453,F,41,S,Escasa,No,No,Si,No,Transferencia,MayoriaTemprana
2688,F,54,S,Regular,Si,No,Si,No,CuentaWebsite,MayoriaTemprana
1415,F,23,C,Escasa,Si,Si,Si,No,DebitoMensual,MayoriaTemprana
3171,M,49,S,Regular,Si,Si,Si,Si,CuentaWebsite,AdoptanteTemprano
2296,F,59,C,Regular,Si,Si,Si,Si,Transferencia,Innovador
6745,F,39,C,Regular,Si,No,No,Si,CuentaWebsite,Innovador
8701,F,60,C,Escasa,Si,No,Si,Si,CuentaWebsite,AdoptanteTemprano
6413,F,48,C,Regular,Si,Si,Si,No,CuentaWebsite,MayoriaTemprana
2045,M,29,C,Escasa,No,No,Si,No,Transferencia,MayoriaTemprana
8749,M,22,S,Escasa,Si,Si,Si,No,Transferencia,MayoriaTemprana
6097,F,44,C,Escasa,Si,Si,Si,Si,CuentaWebsite,MayoriaTemprana
6058,M,36,C,Escasa,No,No,Si,No,Transferencia,MayoriaTemprana
4491,F,43,C,Frecuente,Si,No,Si,No,Transferencia,Innovador
3056,M,38,C,Escasa,Si,No,Si,Si,CuentaWebsite,MayoriaTemprana
4006,F,56,C,Escasa,Si,Si,No,Si,Transferencia,MayoriaTemprana
9726,F,41,C,Escasa,Si,Si,No,No,Transferencia,MayoriaTemprana
6439,F,28,S,Escasa,No,Si,Si,No,DebitoMensual,MayoriaTardia
5860,M,37,C,Regular,Si,Si,Si,No,Transferencia,AdoptanteTemprano
1601,F,38,S,Escasa,Si,Si,Si,Si,Transferencia,MayoriaTemprana
4684,F,52,C,Escasa,Si,Si,No,Si,TarjetaCredito,AdoptanteTemprano
9643,F,41,S,Escasa,Si,No,Si,No,Transferencia,MayoriaTemprana
9974,M,38,C,Regular,Si,Si,Si,Si,CuentaWebsite,Innovador
2408,M,41,C,Escasa,Si,Si,Si,No,TarjetaCredito,MayoriaTemprana
7309,F,20,C,Escasa,Si,No,Si,Si,TarjetaCredito,AdoptanteTemprano
2528,M,46,C,Escasa,Si,No,Si,Si,Transferencia,AdoptanteTemprano
2097,F,50,C,Regular,Si,No,Si,Si,TarjetaCredito,Innovador
4747,F,27,C,Escasa,Si,Si,Si,No,CuentaWebsite,MayoriaTardia
9845,M,62,S,Regular,Si,No,Si,Si,TarjetaCredito,Innovador
4995,M,54,C,Regular,Si,No,No,Si,Transferencia,Innovador
4166,F,32,C,Escasa,No,Si,Si,Si,DebitoMensual,AdoptanteTemprano
1110,M,45,C,Escasa,Si,No,No,Si,CuentaWebsite,AdoptanteTemprano
2963,F,61,S,Escasa,No,No,Si,Si,TarjetaCredito,MayoriaTemprana
2908,F,45,C,Frecuente,Si,No,No,No,Transferencia,Innovador
6587,F,31,C,Escasa,Si,Si,No,No,TarjetaCredito,MayoriaTemprana
2392,M,38,S,Regular,Si,Si,No,No,TarjetaCredito,AdoptanteTemprano
4277,F,16,C,Regular,Si,Si,Si,No,CuentaWebsite,AdoptanteTemprano
1438,F,50,C,Escasa,Si,No,Si,Si,CuentaWebsite,MayoriaTemprana
8813,M,43,S,Escasa,Si,Si,Si,No,Transferencia,MayoriaTardia
9461,F,50,S,Escasa,Si,No,No,No,TarjetaCredito,MayoriaTardia
6695,M,58,S,Regular,Si,No,Si,No,TarjetaCredito,MayoriaTemprana
9716,M,25,S,Regular,Si,Si,Si,No,CuentaWebsite,AdoptanteTemprano
3873,M,54,S,Frecuente,Si,Si,Si,Si,DebitoMensual,Innovador
3027,M,19,C,Regular,Si,Si,Si,No,CuentaWebsite,AdoptanteTemprano
1588,F,65,C,Escasa,Si,No,No,Si,CuentaWebsite,MayoriaTemprana
9793,F,55,C,Regular,Si,Si,No,Si,CuentaWebsite,AdoptanteTemprano
7481,M,18,C,Escasa,Si,Si,Si,No,Transferencia,MayoriaTemprana
8002,F,55,S,Regular,Si,No,Si,Si,CuentaWebsite,MayoriaTemprana
7615,M,56,S,Escasa,Si,No,Si,No,Transferencia,MayoriaTardia
3715,M,26,C,Escasa,Si,No,Si,Si,Transferencia,Innovador
3518,F,22,S,Escasa,Si,Si,Si,No,Transferencia,MayoriaTemprana
1388,F,59,C,Escasa,Si,Si,Si,Si,Transferencia,MayoriaTemprana
4833,F,40,S,Escasa,Si,Si,No,No,CuentaWebsite,MayoriaTardia
7365,M,24,C,Regular,Si,No,Si,No,TarjetaCredito,Innovador
8431,F,59,C,Escasa,Si,No,No,No,CuentaWebsite,MayoriaTardia
8722,M,33,C,Escasa,Si,Si,No,No,TarjetaCredito,MayoriaTemprana
3712,M,56,C,Frecuente,Si,No,Si,Si,CuentaWebsite,Innovador
1530,M,66,C,Escasa,Si,No,Si,Si,Transferencia,MayoriaTemprana
9492,M,60,C,Regular,Si,Si,Si,Si,Transferencia,AdoptanteTemprano
3432,M,37,S,Escasa,No,Si,Si,Si,CuentaWebsite,AdoptanteTemprano
3793,M,55,C,Escasa,Si,No,Si,Si,Transferencia,MayoriaTemprana
3235,M,45,S,Regular,No,No,No,No,CuentaWebsite,MayoriaTemprana
1654,M,35,S,Escasa,Si,No,Si,No,Transferencia,MayoriaTemprana
6147,F,32,C,Frecuente,Si,Si,No,No,DebitoMensual,Innovador
6266,M,53,S,Escasa,Si,No,Si,No,CuentaWebsite,MayoriaTardia
9303,F,34,S,Escasa,Si,No,Si,No,Transferencia,MayoriaTemprana
3777,F,48,S,Escasa,Si,Si,No,Si,DebitoMensual,AdoptanteTemprano
5379,M,65,S,Regular,Si,No,No,Si,TarjetaCredito,Innovador
2181,F,53,S,Regular,Si,Si,No,No,Transferencia,AdoptanteTemprano
9114,M,64,S,Escasa,Si,No,Si,Si,Transferencia,AdoptanteTemprano
2983,F,50,C,Regular,Si,Si,No,No,Transferencia,AdoptanteTemprano
4228,M,43,S,Escasa,Si,Si,Si,No,CuentaWebsite,MayoriaTardia
6633,M,33,C,Escasa,Si,No,Si,No,DebitoMensual,MayoriaTardia
1181,F,53,S,Escasa,Si,No,Si,No,CuentaWebsite,MayoriaTardia
2636,M,35,C,Regular,Si,Si,Si,No,Transferencia,AdoptanteTemprano
7666,M,50,C,Escasa,Si,No,No,Si,TarjetaCredito,AdoptanteTemprano
4393,F,29,S,Escasa,Si,No,Si,No,CuentaWebsite,MayoriaTardia
4897,M,34,S,Regular,Si,No,Si,Si,CuentaWebsite,Innovador
1042,M,63,C,Escasa,Si,Si,Si,Si,CuentaWebsite,MayoriaTemprana
2525,F,40,C,Escasa,Si,No,Si,No,Transferencia,MayoriaTemprana
9829,F,26,C,Escasa,Si,Si,Si,No,Transferencia,MayoriaTemprana
8960,M,28,C,Escasa,Si,No,Si,Si,CuentaWebsite,MayoriaTemprana
9310,M,54,S,Regular,Si,Si,Si,No,TarjetaCredito,MayoriaTemprana
6118,F,61,C,Regular,Si,Si,Si,No,DebitoMensual,MayoriaTemprana
9396,M,29,S,Escasa,Si,No,Si,No,CuentaWebsite,MayoriaTardia
6813,F,63,C,Escasa,Si,No,Si,No,CuentaWebsite,MayoriaTardia
4673,F,51,C,Escasa,Si,Si,Si,No,Transferencia,MayoriaTardia
6696,F,64,C,Regular,Si,No,No,No,CuentaWebsite,MayoriaTardia
2289,F,49,S,Escasa,Si,Si,Si,Si,Transferencia,AdoptanteTemprano
2785,M,34,S,Escasa,Si,No,Si,Si,Transferencia,AdoptanteTemprano
9067,M,34,C,Escasa,Si,No,Si,Si,CuentaWebsite,AdoptanteTemprano
4420,F,28,C,Escasa,Si,No,Si,Si,Transferencia,AdoptanteTemprano
9389,M,45,S,Regular,Si,Si,Si,No,CuentaWebsite,MayoriaTemprana
4662,M,57,S,Escasa,Si,No,Si,No,Transferencia,MayoriaTardia
3489,F,61,C,Escasa,Si,Si,Si,No,CuentaWebsite,MayoriaTardia
6071,M,64,C,Escasa,Si,No,No,No,Transferencia,MayoriaTardia
5758,M,66,C,Regular,Si,Si,Si,No,Transferencia,MayoriaTemprana
3126,M,23,C,Regular,Si,No,Si,No,CuentaWebsite,AdoptanteTemprano
5976,M,43,S,Escasa,Si,Si,Si,Si,Transferencia,AdoptanteTemprano
4554,M,29,C,Regular,Si,No,Si,No,Transferencia,AdoptanteTemprano
9769,F,46,S,Regular,Si,Si,Si,No,Transferencia,AdoptanteTemprano
3953,M,46,S,Escasa,Si,No,Si,Si,CuentaWebsite,AdoptanteTemprano
1886,M,46,S,Frecuente,Si,No,No,No,CuentaWebsite,AdoptanteTemprano
9770,M,57,S,Escasa,Si,Si,Si,Si,Transferencia,AdoptanteTemprano
8160,M,43,S,Escasa,Si,Si,Si,Si,CuentaWebsite,MayoriaTemprana
5811,F,46,S,Escasa,Si,No,Si,Si,DebitoMensual,MayoriaTemprana
8807,M,30,C,Escasa,Si,Si,Si,Si,CuentaWebsite,AdoptanteTemprano
3500,M,58,S,Escasa,Si,No,Si,No,CuentaWebsite,MayoriaTardia
1774,M,64,C,Escasa,Si,No,Si,No,TarjetaCredito,MayoriaTardia
9284,M,22,S,Escasa,Si,No,Si,No,Transferencia,MayoriaTemprana
4298,F,36,S,Frecuente,Si,No,Si,No,CuentaWebsite,Innovador
9317,F,61,C,Frecuente,Si,No,No,No,DebitoMensual,MayoriaTemprana
9415,F,21,S,Escasa,Si,No,No,No,TarjetaCredito,MayoriaTemprana
5955,M,40,C,Escasa,Si,Si,Si,Si,Transferencia,AdoptanteTemprano
4671,M,51,S,Regular,Si,No,Si,Si,CuentaWebsite,AdoptanteTemprano
6214,F,64,S,Escasa,Si,No,Si,Si,CuentaWebsite,MayoriaTardia
4168,F,44,S,Escasa,Si,No,Si,No,DebitoMensual,MayoriaTardia
2791,F,64,C,Frecuente,No,Si,No,Si,CuentaWebsite,Innovador
1303,M,41,S,Escasa,Si,Si,Si,No,Transferencia,MayoriaTemprana
3245,F,50,S,Escasa,Si,No,No,No,CuentaWebsite,MayoriaTardia
1555,F,52,S,Escasa,Si,Si,Si,No,TarjetaCredito,MayoriaTardia
2498,M,62,C,Escasa,Si,No,Si,No,CuentaWebsite,MayoriaTardia
2197,F,60,C,Escasa,Si,Si,Si,Si,DebitoMensual,MayoriaTardia
2132,M,46,C,Regular,Si,No,Si,No,TarjetaCredito,AdoptanteTemprano
7407,M,46,C,Escasa,Si,Si,Si,Si,DebitoMensual,MayoriaTemprana
5902,M,17,C,Escasa,Si,Si,Si,Si,CuentaWebsite,MayoriaTemprana
8029,F,28,C,Escasa,Si,No,Si,No,DebitoMensual,MayoriaTardia
6765,M,41,S,Escasa,Si,No,No,Si,Transferencia,AdoptanteTemprano
4448,M,43,C,Frecuente,Si,Si,No,Si,CuentaWebsite,Innovador
3981,F,33,S,Escasa,Si,Si,Si,No,CuentaWebsite,MayoriaTardia
7796,M,44,C,Regular,Si,Si,Si,Si,CuentaWebsite,AdoptanteTemprano
1670,M,48,C,Frecuente,Si,Si,Si,No,Transferencia,Innovador
5464,F,38,S,Regular,Si,Si,Si,Si,Transferencia,Innovador
2186,M,57,C,Frecuente,Si,No,Si,No,CuentaWebsite,AdoptanteTemprano
4217,M,45,S,Escasa,Si,No,Si,No,TarjetaCredito,MayoriaTardia
7734,M,32,S,Escasa,Si,Si,Si,Si,Transferencia,AdoptanteTemprano
6589,M,51,C,Escasa,Si,Si,Si,No,CuentaWebsite,MayoriaTardia
1367,F,40,C,Regular,Si,Si,Si,Si,CuentaWebsite,Innovador
6276,F,63,C,Frecuente,No,Si,No,Si,CuentaWebsite,Innovador
1807,F,50,S,Escasa,Si,Si,No,Si,Transferencia,AdoptanteTemprano
6206,M,16,C,Escasa,Si,No,Si,No,TarjetaCredito,MayoriaTemprana
2848,F,49,C,Escasa,Si,No,Si,No,Transferencia,MayoriaTardia
3477,F,45,C,Regular,Si,Si,Si,Si,Transferencia,Innovador
1337,F,62,C,Regular,No,Si,Si,No,Transferencia,MayoriaTemprana
1732,M,61,C,Escasa,Si,Si,Si,No,DebitoMensual,MayoriaTardia
6141,M,47,S,Regular,Si,No,No,Si,TarjetaCredito,Innovador
5800,M,44,C,Regular,Si,No,No,No,TarjetaCredito,AdoptanteTemprano
8820,F,46,S,Escasa,Si,Si,No,No,Transferencia,MayoriaTardia
3647,M,26,C,Regular,Si,Si,Si,No,CuentaWebsite,AdoptanteTemprano
8662,F,35,S,Regular,Si,Si,No,No,CuentaWebsite,AdoptanteTemprano
8623,F,29,S,Escasa,Si,No,Si,No,CuentaWebsite,MayoriaTardia
2791,F,49,C,Regular,No,Si,Si,No,TarjetaCredito,AdoptanteTemprano
8249,F,56,S,Escasa,Si,No,Si,No,CuentaWebsite,MayoriaTardia
4302,F,22,C,Regular,Si,Si,Si,No,TarjetaCredito,Innovador
3209,F,48,C,Escasa,Si,Si,Si,No,Transferencia,MayoriaTardia
8345,M,44,S,Regular,Si,No,Si,No,CuentaWebsite,MayoriaTemprana
8014,F,47,S,Escasa,Si,Si,No,Si,TarjetaCredito,AdoptanteTemprano
4169,F,53,S,Escasa,Si,No,Si,Si,TarjetaCredito,MayoriaTemprana
6180,F,53,C,Escasa,Si,No,Si,Si,CuentaWebsite,AdoptanteTemprano
2619,M,22,C,Escasa,Si,No,No,No,DebitoMensual,MayoriaTemprana
9767,F,34,S,Regular,Si,Si,Si,No,CuentaWebsite,AdoptanteTemprano
2765,M,19,C,Regular,Si,Si,Si,Si,CuentaWebsite,Innovador
9202,M,24,C,Regular,Si,No,Si,No,Transferencia,Innovador
9899,M,54,C,Escasa,Si,No,Si,Si,CuentaWebsite,MayoriaTemprana
1645,M,41,C,Escasa,Si,Si,Si,No,CuentaWebsite,MayoriaTardia
7708,M,65,S,Regular,Si,Si,Si,Si,TarjetaCredito,Innovador
9232,M,56,S,Escasa,Si,No,Si,Si,Transferencia,MayoriaTemprana
7751,F,56,S,Regular,Si,No,No,Si,CuentaWebsite,AdoptanteTemprano
9885,M,21,S,Escasa,Si,Si,Si,No,Transferencia,MayoriaTemprana
9553,M,57,S,Regular,Si,Si,Si,Si,Transferencia,AdoptanteTemprano
2556,F,17,S,Escasa,Si,No,Si,Si,CuentaWebsite,AdoptanteTemprano
6815,F,36,C,Escasa,Si,No,Si,Si,Transferencia,AdoptanteTemprano
7062,M,18,C,Escasa,Si,No,Si,Si,DebitoMensual,AdoptanteTemprano
3032,M,40,C,Escasa,Si,Si,Si,Si,Transferencia,MayoriaTemprana
4254,F,27,C,Regular,Si,Si,Si,Si,DebitoMensual,Innovador
1587,M,27,C,Regular,No,No,Si,No,DebitoMensual,AdoptanteTemprano
7606,F,58,S,Regular,Si,Si,Si,No,CuentaWebsite,MayoriaTemprana
1773,F,26,S,Regular,Si,No,Si,Si,Transferencia,Innovador
3727,F,45,C,Escasa,Si,No,Si,Si,Transferencia,AdoptanteTemprano
9726,F,43,C,Escasa,Si,Si,Si,Si,CuentaWebsite,MayoriaTemprana
6560,M,48,S,Frecuente,Si,Si,Si,Si,CuentaWebsite,Innovador
9024,F,32,C,Regular,Si,No,Si,No,CuentaWebsite,AdoptanteTemprano
9646,F,26,C,Escasa,Si,No,Si,Si,CuentaWebsite,MayoriaTemprana
6810,F,55,S,Escasa,Si,No,Si,No,DebitoMensual,MayoriaTardia
8649,M,57,S,Regular,No,Si,Si,Si,Transferencia,AdoptanteTemprano
9825,F,42,C,Regular,Si,Si,Si,Si,TarjetaCredito,Innovador
6327,M,42,S,Escasa,Si,Si,Si,Si,Transferencia,MayoriaTemprana
1550,M,34,C,Regular,Si,Si,Si,Si,DebitoMensual,Innovador
2314,M,52,C,Regular,Si,Si,Si,Si,TarjetaCredito,Innovador
7612,F,41,C,Regular,Si,Si,Si,No,CuentaWebsite,MayoriaTemprana
1164,M,53,S,Regular,Si,No,Si,Si,DebitoMensual,AdoptanteTemprano
7595,M,54,S,Escasa,Si,Si,Si,Si,TarjetaCredito,AdoptanteTemprano
5671,F,25,C,Escasa,Si,Si,Si,No,Transferencia,MayoriaTemprana
8332,F,61,S,Frecuente,Si,No,Si,No,Transferencia,AdoptanteTemprano
5953,F,26,C,Regular,Si,Si,Si,No,Transferencia,Innovador
4443,M,55,C,Frecuente,Si,No,Si,No,Transferencia,Innovador
3732,M,52,C,Regular,Si,Si,No,No,Transferencia,AdoptanteTemprano
6715,M,48,S,Regular,Si,Si,No,Si,CuentaWebsite,AdoptanteTemprano
2490,F,44,C,Regular,Si,Si,Si,Si,DebitoMensual,AdoptanteTemprano
2955,F,65,C,Regular,Si,Si,Si,Si,Transferencia,Innovador
6040,F,59,S,Escasa,Si,Si,Si,No,Transferencia,MayoriaTardia
2884,F,39,C,Escasa,Si,No,No,No,DebitoMensual,MayoriaTardia
1763,F,35,C,Escasa,Si,No,Si,Si,DebitoMensual,MayoriaTemprana
6669,F,46,C,Escasa,Si,Si,Si,Si,CuentaWebsite,MayoriaTemprana
3325,M,50,S,Regular,Si,No,Si,No,CuentaWebsite,MayoriaTemprana
8964,M,51,S,Escasa,Si,Si,Si,No,Transferencia,MayoriaTardia
9434,F,51,S,Regular,Si,Si,No,No,Transferencia,AdoptanteTemprano
5301,M,47,C,Escasa,Si,No,Si,Si,CuentaWebsite,MayoriaTemprana
7310,F,57,C,Escasa,Si,No,Si,Si,TarjetaCredito,MayoriaTemprana
3387,M,44,C,Escasa,No,Si,Si,Si,CuentaWebsite,AdoptanteTemprano
7036,M,53,S,Escasa,Si,Si,Si,Si,CuentaWebsite,AdoptanteTemprano
6338,M,42,C,Escasa,No,No,Si,No,DebitoMensual,MayoriaTardia
1410,M,55,C,Regular,Si,Si,Si,Si,CuentaWebsite,MayoriaTemprana
4301,M,59,C,Escasa,Si,Si,Si,No,TarjetaCredito,MayoriaTardia
2956,F,54,S,Escasa,Si,No,Si,Si,Transferencia,MayoriaTemprana
7673,F,51,C,Regular,Si,No,No,Si,TarjetaCredito,Innovador
5243,F,48,S,Escasa,Si,Si,Si,Si,CuentaWebsite,MayoriaTemprana
6877,F,29,S,Escasa,Si,Si,Si,Si,DebitoMensual,AdoptanteTemprano
6871,F,55,C,Regular,Si,Si,No,Si,Transferencia,Innovador
8343,F,37,C,Escasa,Si,No,No,Si,TarjetaCredito,Innovador
2661,F,51,S,Escasa,Si,No,Si,No,Transferencia,MayoriaTardia
1314,M,65,S,Regular,Si,Si,Si,No,CuentaWebsite,MayoriaTardia
2848,F,32,S,Escasa,Si,No,Si,No,DebitoMensual,MayoriaTardia
1129,M,59,S,Escasa,Si,No,No,No,DebitoMensual,MayoriaTardia
3211,M,54,S,Escasa,Si,No,Si,No,Transferencia,MayoriaTardia
1681,M,18,S,Escasa,No,Si,No,Si,CuentaWebsite,AdoptanteTemprano
5368,F,57,S,Escasa,Si,Si,No,Si,Transferencia,AdoptanteTemprano
7323,M,22,C,Escasa,Si,No,Si,Si,Transferencia,AdoptanteTemprano
7039,M,30,C,Escasa,Si,Si,Si,Si,TarjetaCredito,AdoptanteTemprano
4715,M,61,S,Escasa,Si,Si,Si,No,TarjetaCredito,MayoriaTardia
7730,M,41,S,Escasa,Si,No,Si,No,DebitoMensual,MayoriaTardia
8559,M,58,C,Escasa,Si,No,Si,No,CuentaWebsite,MayoriaTardia
3532,M,56,S,Regular,Si,Si,Si,Si,CuentaWebsite,AdoptanteTemprano
8475,M,24,C,Regular,Si,Si,Si,No,CuentaWebsite,AdoptanteTemprano
9204,M,61,S,Escasa,Si,No,Si,Si,CuentaWebsite,MayoriaTemprana
1737,M,43,C,Escasa,Si,No,Si,Si,Transferencia,AdoptanteTemprano
5435,M,49,S,Escasa,Si,Si,Si,Si,Transferencia,MayoriaTemprana
2255,F,34,C,Escasa,Si,Si,Si,No,CuentaWebsite,MayoriaTardia
8159,M,23,C,Escasa,Si,No,No,Si,Transferencia,AdoptanteTemprano
7507,F,37,C,Regular,Si,No,Si,No,DebitoMensual,AdoptanteTemprano
4634,M,41,S,Escasa,Si,Si,Si,No,CuentaWebsite,MayoriaTardia
8140,M,34,S,Escasa,Si,No,Si,No,DebitoMensual,MayoriaTardia
4854,M,61,C,Escasa,Si,Si,Si,Si,TarjetaCredito,MayoriaTemprana
9726,F,63,S,Regular,Si,No,No,No,Transferencia,MayoriaTemprana
3834,F,20,S,Regular,No,No,Si,No,CuentaWebsite,AdoptanteTemprano
8860,M,21,S,Escasa,Si,No,No,Si,CuentaWebsite,AdoptanteTemprano
5568,F,38,C,Escasa,Si,Si,Si,No,CuentaWebsite,MayoriaTardia
2966,M,57,C,Escasa,Si,Si,No,Si,DebitoMensual,MayoriaTemprana
4629,M,49,C,Regular,Si,No,Si,Si,CuentaWebsite,Innovador
9220,F,30,C,Regular,Si,No,Si,No,Transferencia,AdoptanteTemprano
6525,F,34,C,Escasa,Si,Si,Si,Si,Transferencia,AdoptanteTemprano
4145,M,39,C,Regular,Si,No,Si,No,CuentaWebsite,MayoriaTemprana
4614,M,58,C,Escasa,No,Si,No,No,TarjetaCredito,MayoriaTardia
3581,M,27,C,Regular,Si,No,No,No,Transferencia,Innovador
8010,F,23,C,Escasa,Si,No,Si,Si,Transferencia,Innovador
4639,M,60,C,Escasa,Si,Si,Si,Si,Transferencia,AdoptanteTemprano
8324,M,63,C,Escasa,Si,Si,Si,No,CuentaWebsite,MayoriaTardia
4616,F,44,C,Escasa,Si,No,Si,No,Transferencia,MayoriaTardia
7273,F,53,S,Escasa,Si,Si,Si,No,DebitoMensual,MayoriaTardia
7573,M,59,S,Escasa,Si,Si,Si,Si,CuentaWebsite,AdoptanteTemprano
8991,M,22,S,Regular,Si,Si,No,No,TarjetaCredito,Innovador
5205,M,31,S,Escasa,Si,No,Si,Si,DebitoMensual,AdoptanteTemprano
3814,F,23,C,Escasa,Si,Si,Si,Si,CuentaWebsite,AdoptanteTemprano
8232,M,51,S,Frecuente,Si,Si,No,No,TarjetaCredito,Innovador
2987,F,32,C,Escasa,Si,Si,Si,No,Transferencia,MayoriaTardia
9288,F,47,C,Escasa,Si,No,Si,Si,CuentaWebsite,MayoriaTemprana
3022,M,60,C,Frecuente,No,Si,Si,No,CuentaWebsite,MayoriaTemprana
3733,F,54,S,Escasa,Si,Si,Si,No,DebitoMensual,MayoriaTardia
9981,M,63,S,Escasa,Si,No,No,No,Transferencia,MayoriaTardia
1709,M,41,S,Escasa,No,No,No,No,DebitoMensual,MayoriaTardia
5938,M,61,C,Escasa,Si,No,Si,No,TarjetaCredito,MayoriaTardia
8331,M,61,C,Escasa,Si,Si,Si,No,CuentaWebsite,MayoriaTardia
7631,F,35,S,Frecuente,Si,No,No,No,Transferencia,Innovador
1159,F,56,C,Frecuente,Si,Si,Si,No,CuentaWebsite,AdoptanteTemprano
7918,F,57,C,Frecuente,Si,Si,Si,No,DebitoMensual,AdoptanteTemprano
8437,M,31,C,Escasa,Si,Si,Si,No,Transferencia,MayoriaTardia
8180,M,56,C,Escasa,Si,No,Si,Si,CuentaWebsite,MayoriaTemprana
4148,M,20,C,Escasa,Si,No,No,No,CuentaWebsite,MayoriaTemprana
4438,F,63,S,Escasa,Si,No,Si,No,CuentaWebsite,MayoriaTardia
7065,M,34,C,Escasa,Si,No,Si,Si,DebitoMensual,MayoriaTemprana
9723,M,19,S,Escasa,Si,Si,Si,Si,Transferencia,AdoptanteTemprano
9939,M,60,S,Escasa,Si,Si,No,No,Transferencia,MayoriaTardia
1210,F,50,S,Escasa,Si,Si,Si,No,Transferencia,MayoriaTardia
8591,M,48,S,Regular,Si,No,No,No,DebitoMensual,MayoriaTemprana
3384,F,21,S,Regular,Si,No,No,No,CuentaWebsite,AdoptanteTemprano
6117,M,20,C,Escasa,Si,No,Si,No,DebitoMensual,MayoriaTemprana
7683,F,42,C,Escasa,Si,No,Si,Si,CuentaWebsite,AdoptanteTemprano
5759,M,57,C,Escasa,Si,No,Si,Si,TarjetaCredito,MayoriaTemprana
6260,F,43,S,Frecuente,Si,Si,Si,No,DebitoMensual,AdoptanteTemprano
4921,M,37,C,Escasa,Si,Si,No,No,Transferencia,MayoriaTardia
3736,M,26,S,Escasa,Si,No,No,No,TarjetaCredito,MayoriaTardia
9458,F,26,S,Escasa,No,No,No,Si,CuentaWebsite,AdoptanteTemprano
1779,M,46,S,Escasa,No,Si,Si,No,Transferencia,MayoriaTardia
4633,F,62,S,Frecuente,Si,No,No,No,CuentaWebsite,MayoriaTemprana
8916,M,54,S,Regular,No,Si,Si,Si,DebitoMensual,AdoptanteTemprano
2542,F,19,C,Escasa,Si,Si,Si,No,TarjetaCredito,MayoriaTemprana
3530,M,51,C,Escasa,Si,Si,No,Si,DebitoMensual,AdoptanteTemprano
5465,F,33,C,Regular,Si,No,Si,No,CuentaWebsite,AdoptanteTemprano
7465,M,55,C,Escasa,Si,Si,Si,No,Transferencia,MayoriaTardia
7371,M,25,C,Regular,Si,Si,Si,Si,CuentaWebsite,Innovador
6377,M,19,S,Regular,Si,No,Si,No,Transferencia,AdoptanteTemprano
7915,F,25,C,Escasa,Si,No,Si,Si,TarjetaCredito,MayoriaTemprana
8580,F,29,C,Escasa,Si,No,No,No,Transferencia,MayoriaTardia
2769,F,52,S,Escasa,Si,No,No,No,CuentaWebsite,MayoriaTardia
8545,M,24,C,Escasa,No,Si,Si,Si,Transferencia,MayoriaTemprana
9598,M,66,C,Regular,Si,No,Si,Si,Transferencia,MayoriaTemprana
9096,M,17,C,Escasa,Si,Si,Si,No,CuentaWebsite,MayoriaTemprana
7264,M,51,C,Frecuente,Si,Si,Si,No,CuentaWebsite,AdoptanteTemprano
4824,M,30,S,Escasa,Si,Si,No,No,Transferencia,MayoriaTardia
1743,M,60,C,Escasa,Si,No,Si,No,CuentaWebsite,MayoriaTardia
6546,M,45,C,Escasa,Si,Si,Si,Si,Transferencia,AdoptanteTemprano
6865,F,65,C,Escasa,Si,Si,Si,No,Transferencia,MayoriaTardia
2308,M,17,C,Escasa,Si,Si,Si,Si,Transferencia,AdoptanteTemprano
1302,M,17,C,Escasa,Si,Si,Si,Si,Transferencia,Innovador
8989,F,38,C,Escasa,Si,No,Si,Si,Transferencia,AdoptanteTemprano
6016,M,49,S,Escasa,No,Si,Si,Si,CuentaWebsite,AdoptanteTemprano
3616,M,30,S,Escasa,Si,Si,Si,Si,TarjetaCredito,MayoriaTemprana
9673,M,27,S,Escasa,Si,Si,Si,Si,Transferencia,AdoptanteTemprano
2488,F,36,S,Escasa,Si,No,Si,Si,DebitoMensual,AdoptanteTemprano
1890,F,57,S,Regular,Si,No,Si,Si,Transferencia,Innovador
2968,M,38,S,Frecuente,Si,No,Si,No,TarjetaCredito,Innovador
2840,F,37,S,Escasa,Si,Si,Si,No,Transferencia,MayoriaTardia
5882,F,22,C,Regular,Si,Si,No,Si,TarjetaCredito,Innovador
7123,F,53,C,Escasa,Si,No,Si,No,DebitoMensual,MayoriaTardia
4981,M,62,C,Regular,Si,Si,Si,No,Transferencia,MayoriaTemprana
2525,M,52,S,Frecuente,Si,Si,Si,No,TarjetaCredito,AdoptanteTemprano
6530,F,45,C,Regular,Si,Si,No,Si,Transferencia,AdoptanteTemprano
5711,M,59,C,Regular,Si,Si,Si,No,TarjetaCredito,MayoriaTemprana
2966,F,35,C,Escasa,Si,No,Si,Si,Transferencia,MayoriaTemprana
1070,M,33,C,Escasa,No,No,Si,No,DebitoMensual,MayoriaTardia
4148,M,62,C,Escasa,Si,Si,No,No,TarjetaCredito,MayoriaTardia
8123,F,31,S,Escasa,Si,Si,Si,No,Transferencia,MayoriaTardia
9559,M,52,S,Escasa,Si,Si,Si,Si,DebitoMensual,MayoriaTemprana
5880,F,27,C,Escasa,Si,Si,Si,Si,DebitoMensual,MayoriaTemprana
6637,M,60,C,Frecuente,Si,No,Si,No,CuentaWebsite,MayoriaTemprana
4382,M,42,S,Escasa,Si,No,Si,No,Transferencia,MayoriaTardia
8250,F,36,S,Escasa,Si,No,Si,Si,Transferencia,AdoptanteTemprano
5898,F,26,C,Escasa,Si,No,Si,No,CuentaWebsite,MayoriaTardia
5857,M,34,C,Regular,Si,No,No,No,CuentaWebsite,AdoptanteTemprano
9764,F,44,C,Escasa,Si,Si,Si,No,DebitoMensual,MayoriaTardia
8493,M,66,C,Escasa,Si,Si,Si,Si,DebitoMensual,MayoriaTemprana
9781,M,37,S,Escasa,Si,Si,Si,Si,DebitoMensual,AdoptanteTemprano
4943,F,64,S,Escasa,Si,Si,Si,Si,Transferencia,AdoptanteTemprano
4526,F,64,S,Frecuente,Si,No,Si,Si,DebitoMensual,Innovador
8062,M,20,C,Regular,No,Si,Si,No,CuentaWebsite,AdoptanteTemprano
6775,M,61,S,Regular,Si,No,Si,No,CuentaWebsite,MayoriaTemprana
7324,M,20,C,Escasa,Si,Si,Si,No,Transferencia,MayoriaTemprana
6049,F,57,C,Frecuente,Si,No,Si,Si,DebitoMensual,Innovador
8283,M,41,S,Escasa,Si,Si,Si,No,TarjetaCredito,MayoriaTardia
3565,M,23,S,Escasa,Si,No,Si,Si,CuentaWebsite,AdoptanteTemprano
2270,F,54,C,Frecuente,Si,Si,Si,No,Transferencia,AdoptanteTemprano
4896,F,45,C,Escasa,Si,No,Si,Si,CuentaWebsite,MayoriaTemprana
4620,F,32,S,Regular,Si,Si,No,Si,TarjetaCredito,Innovador
1845,M,51,S,Frecuente,Si,No,Si,Si,CuentaWebsite,Innovador
5999,M,41,C,Regular,Si,Si,Si,No,TarjetaCredito,MayoriaTemprana
9287,M,35,C,Escasa,Si,No,Si,Si,CuentaWebsite,AdoptanteTemprano
7571,F,28,C,Frecuente,Si,Si,Si,No,CuentaWebsite,Innovador
3586,M,36,S,Escasa,Si,No,No,No,CuentaWebsite,MayoriaTardia
5938,M,20,S,Escasa,Si,Si,Si,No,Transferencia,MayoriaTemprana
1690,M,21,S,Regular,Si,Si,Si,No,Transferencia,AdoptanteTemprano
5446,F,29,C,Escasa,No,No,Si,Si,Transferencia,AdoptanteTemprano
4532,F,47,C,Escasa,Si,No,Si,Si,CuentaWebsite,MayoriaTemprana
7674,F,46,C,Escasa,Si,Si,Si,Si,CuentaWebsite,MayoriaTemprana
4866,F,37,C,Regular,Si,No,No,Si,DebitoMensual,Innovador
1367,F,41,C,Escasa,Si,Si,Si,Si,TarjetaCredito,MayoriaTemprana
1881,F,46,S,Frecuente,Si,No,No,No,CuentaWebsite,AdoptanteTemprano
9440,F,47,S,Escasa,Si,Si,Si,Si,CuentaWebsite,MayoriaTemprana
1045,F,37,C,Escasa,Si,No,Si,Si,CuentaWebsite,AdoptanteTemprano
6033,M,33,S,Regular,Si,Si,Si,Si,TarjetaCredito,Innovador
1297,F,23,S,Escasa,Si,Si,Si,Si,CuentaWebsite,MayoriaTemprana
6536,M,35,C,Frecuente,Si,No,Si,No,Transferencia,Innovador
9051,M,19,C,Regular,Si,Si,Si,No,Transferencia,AdoptanteTemprano
6581,F,39,C,Escasa,Si,No,Si,No,DebitoMensual,MayoriaTardia
6452,F,44,C,Escasa,Si,Si,No,No,CuentaWebsite,MayoriaTardia
9397,M,55,C,Escasa,Si,Si,No,No,TarjetaCredito,MayoriaTardia
4635,F,26,C,Regular,Si,Si,Si,No,CuentaWebsite,AdoptanteTemprano
1689,M,64,C,Escasa,Si,Si,Si,No,Transferencia,MayoriaTardia
2421,F,21,C,Escasa,Si,Si,Si,Si,CuentaWebsite,Innovador
1906,F,23,C,Escasa,Si,No,Si,Si,TarjetaCredito,AdoptanteTemprano
5177,M,54,C,Escasa,Si,Si,Si,No,Transferencia,MayoriaTardia
3479,M,16,S,Escasa,Si,No,Si,No,Transferencia,MayoriaTemprana
4304,M,40,S,Regular,Si,Si,Si,No,Transferencia,MayoriaTemprana
5997,F,64,C,Escasa,Si,Si,Si,Si,TarjetaCredito,MayoriaTardia
3280,M,44,S,Escasa,Si,Si,Si,Si,Transferencia,MayoriaTemprana
1341,F,22,C,Escasa,Si,No,Si,No,CuentaWebsite,MayoriaTemprana
1850,M,59,C,Escasa,Si,No,Si,No,TarjetaCredito,MayoriaTardia
6053,F,51,C,Frecuente,Si,No,No,Si,CuentaWebsite,Innovador
3309,M,62,C,Escasa,Si,No,No,Si,Transferencia,AdoptanteTemprano
9745,M,41,C,Regular,No,No,Si,Si,DebitoMensual,AdoptanteTemprano
1620,F,64,C,Escasa,Si,No,Si,No,DebitoMensual,MayoriaTardia
5408,M,61,C,Frecuente,Si,No,No,No,TarjetaCredito,MayoriaTemprana
2569,F,40,S,Escasa,Si,Si,Si,No,CuentaWebsite,MayoriaTardia
3982,M,19,S,Escasa,Si,No,Si,Si,Transferencia,AdoptanteTemprano
5599,F,57,S,Escasa,Si,No,Si,Si,Transferencia,MayoriaTemprana
8336,M,47,C,Escasa,Si,No,Si,Si,DebitoMensual,AdoptanteTemprano
5219,F,33,S,Regular,Si,No,No,Si,DebitoMensual,Innovador
8476,M,20,C,Escasa,Si,No,No,No,DebitoMensual,MayoriaTemprana
3965,M,42,C,Escasa,Si,No,No,Si,CuentaWebsite,MayoriaTemprana
5970,M,56,C,Escasa,Si,Si,Si,No,CuentaWebsite,MayoriaTardia
5744,M,23,C,Escasa,Si,Si,No,Si,TarjetaCredito,AdoptanteTemprano
9764,F,39,C,Regular,No,No,Si,No,CuentaWebsite,MayoriaTemprana
3347,F,40,C,Escasa,Si,No,Si,No,TarjetaCredito,MayoriaTardia
8755,M,57,C,Frecuente,Si,Si,Si,Si,CuentaWebsite,Innovador
3863,F,36,S,Regular,Si,Si,Si,Si,Transferencia,AdoptanteTemprano
8360,F,34,C,Escasa,Si,Si,Si,No,Transferencia,MayoriaTardia
7230,F,38,C,Escasa,Si,Si,Si,No,CuentaWebsite,MayoriaTardia
4063,F,21,C,Escasa,Si,Si,Si,No,CuentaWebsite,MayoriaTemprana
5802,M,29,S,Regular,Si,Si,Si,Si,CuentaWebsite,Innovador
6223,M,52,C,Escasa,Si,No,No,Si,Transferencia,MayoriaTemprana
4505,F,17,C,Regular,Si,No,Si,No,TarjetaCredito,AdoptanteTemprano
4490,M,58,C,Frecuente,Si,Si,No,No,CuentaWebsite,AdoptanteTemprano
1036,F,44,S,Escasa,Si,No,Si,No,TarjetaCredito,MayoriaTardia
8834,M,53,C,Escasa,Si,No,Si,No,TarjetaCredito,MayoriaTardia
7052,M,43,C,Escasa,Si,Si,Si,Si,Transferencia,MayoriaTemprana
7870,F,59,C,Escasa,Si,No,Si,No,Transferencia,MayoriaTardia
2876,M,41,C,Escasa,Si,Si,Si,Si,TarjetaCredito,MayoriaTemprana
4972,M,26,S,Escasa,No,No,Si,Si,CuentaWebsite,MayoriaTemprana
2080,F,34,S,Regular,Si,Si,Si,Si,DebitoMensual,Innovador
9516,M,55,S,Escasa,Si,Si,Si,Si,CuentaWebsite,MayoriaTardia
4625,F,55,C,Escasa,Si,Si,Si,Si,TarjetaCredito,AdoptanteTemprano
2167,M,23,C,Escasa,Si,Si,Si,No,TarjetaCredito,MayoriaTemprana
5078,F,36,C,Escasa,Si,Si,No,No,CuentaWebsite,MayoriaTardia
7871,M,52,C,Escasa,Si,No,Si,Si,CuentaWebsite,MayoriaTemprana
6931,M,58,C,Escasa,Si,No,Si,No,TarjetaCredito,MayoriaTardia
9820,M,57,C,Escasa,Si,Si,Si,No,CuentaWebsite,MayoriaTardia
1815,F,62,C,Frecuente,Si,No,No,No,CuentaWebsite,MayoriaTemprana
5259,M,64,C,Escasa,Si,No,Si,Si,Transferencia,MayoriaTardia
8693,F,47,S,Escasa,Si,No,Si,Si,Transferencia,AdoptanteTemprano
4847,M,57,S,Regular,Si,No,Si,Si,CuentaWebsite,Innovador
1701,M,32,C,Regular,Si,Si,Si,Si,DebitoMensual,Innovador
3453,M,43,C,Escasa,Si,No,Si,No,DebitoMensual,MayoriaTardia
5167,M,21,C,Escasa,Si,Si,Si,No,CuentaWebsite,MayoriaTemprana
9332,F,42,S,Frecuente,Si,Si,Si,No,TarjetaCredito,AdoptanteTemprano
8322,F,28,C,Escasa,Si,No,Si,No,TarjetaCredito,MayoriaTardia
8830,F,31,S,Regular,Si,No,Si,Si,Transferencia,AdoptanteTemprano
8092,F,30,C,Escasa,Si,Si,Si,No,CuentaWebsite,MayoriaTardia
3081,F,20,S,Escasa,Si,Si,No,No,CuentaWebsite,MayoriaTemprana
8451,M,35,S,Escasa,Si,No,Si,No,Transferencia,MayoriaTardia
3255,F,32,C,Frecuente,Si,Si,No,No,DebitoMensual,Innovador
9478,M,53,S,Escasa,Si,No,Si,No,CuentaWebsite,AdoptanteTemprano
9111,F,34,S,Escasa,Si,No,Si,No,Transferencia,AdoptanteTemprano
3807,F,48,S,Escasa,Si,Si,No,Si,DebitoMensual,MayoriaTardia
5550,M,65,S,Regular,Si,No,No,Si,TarjetaCredito,MayoriaTemprana
7905,F,53,S,Regular,Si,Si,No,No,Transferencia,AdoptanteTemprano
8395,M,64,S,Escasa,Si,No,Si,Si,Transferencia,MayoriaTardia
2609,F,50,C,Regular,Si,Si,No,No,Transferencia,Innovador
8760,M,43,S,Escasa,Si,Si,Si,No,CuentaWebsite,MayoriaTemprana
7101,M,33,C,Escasa,Si,No,Si,No,DebitoMensual,Innovador
2301,F,53,S,Escasa,Si,No,Si,No,CuentaWebsite,AdoptanteTemprano
7526,M,35,C,Regular,Si,Si,Si,No,Transferencia,MayoriaTardia
7695,M,50,C,Escasa,Si,No,No,Si,TarjetaCredito,Innovador
7258,F,29,S,Escasa,Si,No,Si,No,CuentaWebsite,Innovador
3454,M,34,S,Regular,Si,No,Si,Si,CuentaWebsite,MayoriaTardia
7352,M,63,C,Escasa,Si,Si,Si,Si,CuentaWebsite,AdoptanteTemprano
5397,F,40,C,Escasa,Si,No,Si,No,Transferencia,AdoptanteTemprano
2556,F,26,C,Escasa,Si,Si,Si,No,Transferencia,MayoriaTemprana
3741,M,28,C,Escasa,Si,No,Si,Si,CuentaWebsite,MayoriaTardia
8884,M,54,S,Regular,Si,Si,Si,No,TarjetaCredito,AdoptanteTemprano
9870,F,61,C,Regular,Si,Si,Si,No,DebitoMensual,MayoriaTemprana
3429,M,29,S,Escasa,Si,No,Si,No,CuentaWebsite,MayoriaTardia
9130,F,63,C,Escasa,Si,No,Si,No,CuentaWebsite,MayoriaTardia
8860,F,51,C,Escasa,Si,Si,Si,No,Transferencia,MayoriaTardia
5016,F,64,C,Regular,Si,No,No,No,CuentaWebsite,Innovador
6950,F,49,S,Escasa,Si,Si,Si,Si,Transferencia,AdoptanteTemprano
7565,M,34,S,Escasa,Si,No,Si,Si,Transferencia,AdoptanteTemprano
4686,M,34,C,Escasa,Si,No,Si,Si,CuentaWebsite,MayoriaTardia
8122,F,28,C,Escasa,Si,No,Si,Si,Transferencia,AdoptanteTemprano
9455,M,45,S,Regular,Si,Si,Si,No,CuentaWebsite,AdoptanteTemprano
4625,M,57,S,Escasa,Si,No,Si,No,Transferencia,MayoriaTemprana
2524,F,61,C,Escasa,Si,Si,Si,No,CuentaWebsite,MayoriaTemprana
8508,M,64,C,Escasa,Si,No,No,No,Transferencia,MayoriaTemprana
8191,M,66,C,Regular,Si,Si,Si,No,Transferencia,MayoriaTardia
7415,M,23,C,Regular,Si,No,Si,No,CuentaWebsite,Innovador
3721,M,43,S,Escasa,Si,Si,Si,Si,Transferencia,MayoriaTemprana
8486,M,29,C,Regular,Si,No,Si,No,Transferencia,MayoriaTardia
4314,F,46,S,Regular,Si,Si,Si,No,Transferencia,Innovador
4388,M,46,S,Escasa,Si,No,Si,Si,CuentaWebsite,MayoriaTardia
1167,M,46,S,Frecuente,Si,No,No,No,CuentaWebsite,AdoptanteTemprano
2887,M,57,S,Escasa,Si,Si,Si,Si,Transferencia,MayoriaTardia
9926,M,43,S,Escasa,Si,Si,Si,Si,CuentaWebsite,MayoriaTemprana
1225,F,46,S,Escasa,Si,No,Si,Si,DebitoMensual,MayoriaTardia
8372,M,30,C,Escasa,Si,Si,Si,Si,CuentaWebsite,Innovador
8009,M,58,S,Escasa,Si,No,Si,No,CuentaWebsite,MayoriaTardia
9321,M,64,C,Escasa,Si,No,Si,No,TarjetaCredito,AdoptanteTemprano
7041,M,22,S,Escasa,Si,No,Si,No,Transferencia,MayoriaTardia
1595,F,36,S,Frecuente,Si,No,Si,No,CuentaWebsite,MayoriaTardia
9768,F,61,C,Frecuente,Si,No,No,No,DebitoMensual,AdoptanteTemprano
4299,F,21,S,Escasa,Si,No,No,No,TarjetaCredito,MayoriaTardia
4757,M,40,C,Escasa,Si,Si,Si,Si,Transferencia,AdoptanteTemprano
1643,M,51,S,Regular,Si,No,Si,Si,CuentaWebsite,AdoptanteTemprano
6625,F,64,S,Escasa,Si,No,Si,Si,CuentaWebsite,AdoptanteTemprano
6711,F,44,S,Escasa,Si,No,Si,No,DebitoMensual,AdoptanteTemprano
2310,F,64,C,Frecuente,No,Si,No,Si,CuentaWebsite,MayoriaTardia
7793,M,41,S,Escasa,Si,Si,Si,No,Transferencia,MayoriaTemprana
1003,F,50,S,Escasa,Si,No,No,No,CuentaWebsite,MayoriaTemprana
3736,F,52,S,Escasa,Si,Si,Si,No,TarjetaCredito,MayoriaTemprana
8773,M,62,C,Escasa,Si,No,Si,No,CuentaWebsite,Innovador
9515,F,60,C,Escasa,Si,Si,Si,Si,DebitoMensual,AdoptanteTemprano
9024,M,46,C,Regular,Si,No,Si,No,TarjetaCredito,AdoptanteTemprano
8245,M,46,C,Escasa,Si,Si,Si,Si,DebitoMensual,AdoptanteTemprano
7054,M,17,C,Escasa,Si,Si,Si,Si,CuentaWebsite,AdoptanteTemprano
7790,F,28,C,Escasa,Si,No,Si,No,DebitoMensual,MayoriaTardia
8466,M,41,S,Escasa,Si,No,No,Si,Transferencia,AdoptanteTemprano
1202,M,43,C,Frecuente,Si,Si,No,Si,CuentaWebsite,MayoriaTemprana
9076,F,33,S,Escasa,Si,Si,Si,No,CuentaWebsite,MayoriaTemprana
2273,M,44,C,Regular,Si,Si,Si,Si,CuentaWebsite,AdoptanteTemprano
2749,M,48,C,Frecuente,Si,Si,Si,No,Transferencia,AdoptanteTemprano
9262,F,38,S,Regular,Si,Si,Si,Si,Transferencia,AdoptanteTemprano
3381,M,57,C,Frecuente,Si,No,Si,No,CuentaWebsite,MayoriaTardia
9777,M,45,S,Escasa,Si,No,Si,No,TarjetaCredito,MayoriaTemprana
1883,M,32,S,Escasa,Si,Si,Si,Si,Transferencia,MayoriaTardia
2918,M,51,C,Escasa,Si,Si,Si,No,CuentaWebsite,MayoriaTemprana
4454,F,40,C,Regular,Si,Si,Si,Si,CuentaWebsite,MayoriaTemprana
4211,F,63,C,Frecuente,No,Si,No,Si,CuentaWebsite,MayoriaTemprana
3109,F,50,S,Escasa,Si,Si,No,Si,Transferencia,MayoriaTardia
3672,M,16,C,Escasa,Si,No,Si,No,TarjetaCredito,MayoriaTemprana
6156,F,49,C,Escasa,Si,No,Si,No,Transferencia,AdoptanteTemprano
7674,F,45,C,Regular,Si,Si,Si,Si,Transferencia,MayoriaTardia
9416,F,62,C,Regular,No,Si,Si,No,Transferencia,MayoriaTemprana
1985,M,61,C,Escasa,Si,Si,Si,No,DebitoMensual,Innovador
9509,M,47,S,Regular,Si,No,No,Si,TarjetaCredito,AdoptanteTemprano
3818,M,44,C,Regular,Si,No,No,No,TarjetaCredito,MayoriaTardia
2544,F,46,S,Escasa,Si,Si,No,No,Transferencia,AdoptanteTemprano
7823,M,26,C,Regular,Si,Si,Si,No,CuentaWebsite,MayoriaTemprana
3342,F,35,S,Regular,Si,Si,No,No,CuentaWebsite,AdoptanteTemprano
4653,F,29,S,Escasa,Si,No,Si,No,CuentaWebsite,AdoptanteTemprano
8587,F,49,C,Regular,No,Si,Si,No,TarjetaCredito,MayoriaTardia
6016,F,56,S,Escasa,Si,No,Si,No,CuentaWebsite,MayoriaTemprana
8470,F,22,C,Regular,Si,Si,Si,No,TarjetaCredito,AdoptanteTemprano
7522,F,48,C,Escasa,Si,Si,Si,No,Transferencia,MayoriaTardia
3757,M,44,S,Regular,Si,No,Si,No,CuentaWebsite,Innovador
6838,F,47,S,Escasa,Si,Si,No,Si,TarjetaCredito,Innovador
4771,F,53,S,Escasa,Si,No,Si,Si,TarjetaCredito,AdoptanteTemprano
3316,F,53,C,Escasa,Si,No,Si,Si,CuentaWebsite,MayoriaTemprana
6172,M,22,C,Escasa,Si,No,No,No,DebitoMensual,MayoriaTardia
3529,F,34,S,Regular,Si,Si,Si,No,CuentaWebsite,Innovador
1828,M,19,C,Regular,Si,Si,Si,Si,CuentaWebsite,AdoptanteTemprano
6554,M,24,C,Regular,Si,No,Si,No,Transferencia,MayoriaTemprana
1298,M,54,C,Escasa,Si,No,Si,Si,CuentaWebsite,AdoptanteTemprano
9049,M,41,C,Escasa,Si,Si,Si,No,CuentaWebsite,MayoriaTemprana
1756,M,65,S,Regular,Si,Si,Si,Si,TarjetaCredito,MayoriaTemprana
5309,M,56,S,Escasa,Si,No,Si,Si,Transferencia,MayoriaTemprana
5592,F,56,S,Regular,Si,No,No,Si,CuentaWebsite,AdoptanteTemprano
8530,M,21,S,Escasa,Si,Si,Si,No,Transferencia,Innovador
9547,M,57,S,Regular,Si,Si,Si,Si,Transferencia,Innovador
5064,F,17,S,Escasa,Si,No,Si,Si,CuentaWebsite,AdoptanteTemprano
2669,F,36,C,Escasa,Si,No,Si,Si,Transferencia,MayoriaTemprana
4304,M,18,C,Escasa,Si,No,Si,Si,DebitoMensual,MayoriaTemprana
5965,M,40,C,Escasa,Si,Si,Si,Si,Transferencia,MayoriaTemprana
3204,F,27,C,Regular,Si,Si,Si,Si,DebitoMensual,MayoriaTemprana
7229,M,27,C,Regular,No,No,Si,No,DebitoMensual,MayoriaTemprana
9711,F,58,S,Regular,Si,Si,Si,No,CuentaWebsite,Innovador
3291,F,26,S,Regular,Si,No,Si,Si,Transferencia,MayoriaTemprana
2088,F,45,C,Escasa,Si,No,Si,Si,Transferencia,MayoriaTemprana
4632,F,43,C,Escasa,Si,Si,Si,Si,CuentaWebsite,MayoriaTemprana
8450,M,48,S,Frecuente,Si,Si,Si,Si,CuentaWebsite,MayoriaTardia
2048,F,32,C,Regular,Si,No,Si,No,CuentaWebsite,AdoptanteTemprano
9630,F,26,C,Escasa,Si,No,Si,Si,CuentaWebsite,MayoriaTemprana
9982,F,55,S,Escasa,Si,No,Si,No,DebitoMensual,AdoptanteTemprano
2542,M,57,S,Regular,No,Si,Si,Si,Transferencia,MayoriaTemprana
